component,entry_time,exit_time,date,signal,direction,target_points,stop_points,horizon_bars,outcome,net_points,source_bar_index,variant
ict_london_reversal,2026-02-12 08:00:00+00:00,2026-02-12 08:02:00+00:00,2026-02-12,-1,SHORT,450,80,10,1,440,78,core_plus_london_reversal_spread_20
ict_london_reversal,2026-02-12 10:33:00+00:00,2026-02-12 10:37:00+00:00,2026-02-12,1,LONG,450,80,10,1,440,231,core_plus_london_reversal_spread_20
ict_reversal_core,2026-02-12 15:57:00+00:00,2026-02-12 16:00:00+00:00,2026-02-12,-1,SHORT,450,80,15,1,440,555,core_plus_london_reversal_spread_20
ict_reversal_core,2026-02-16 15:48:00+00:00,2026-02-16 15:51:00+00:00,2026-02-16,1,LONG,450,80,15,1,440,3301,core_plus_london_reversal_spread_20
ict_reversal_core,2026-02-16 16:17:00+00:00,2026-02-16 16:20:00+00:00,2026-02-16,-1,SHORT,450,80,15,1,440,3330,core_plus_london_reversal_spread_20
ict_reversal_core,2026-02-17 15:20:00+00:00,2026-02-17 15:21:00+00:00,2026-02-17,1,LONG,450,80,15,-1,-90,4503,core_plus_london_reversal_spread_20
ict_reversal_core,2026-02-17 18:31:00+00:00,2026-02-17 18:32:00+00:00,2026-02-17,1,LONG,450,80,15,-1,-90,4694,core_plus_london_reversal_spread_20
ict_reversal_core,2026-02-18 14:13:00+00:00,2026-02-18 14:14:00+00:00,2026-02-18,-1,SHORT,450,80,15,-1,-90,5814,core_plus_london_reversal_spread_20
ict_reversal_core,2026-02-19 14:32:00+00:00,2026-02-19 14:36:00+00:00,2026-02-19,-1,SHORT,450,80,15,1,440,7211,core_plus_london_reversal_spread_20
ict_reversal_core,2026-02-19 18:58:00+00:00,2026-02-19 18:59:00+00:00,2026-02-19,1,LONG,450,80,15,-1,-90,7477,core_plus_london_reversal_spread_20
ict_reversal_core,2026-02-20 16:30:00+00:00,2026-02-20 16:31:00+00:00,2026-02-20,1,LONG,450,80,15,-1,-90,8707,core_plus_london_reversal_spread_20
ict_reversal_core,2026-02-23 14:29:00+00:00,2026-02-23 14:38:00+00:00,2026-02-23,1,LONG,450,80,15,1,440,9963,core_plus_london_reversal_spread_20
ict_reversal_core,2026-02-24 16:31:00+00:00,2026-02-24 16:32:00+00:00,2026-02-24,-1,SHORT,450,80,15,-1,-90,11463,core_plus_london_reversal_spread_20
ict_london_reversal,2026-02-26 08:36:00+00:00,2026-02-26 08:37:00+00:00,2026-02-26,-1,SHORT,450,80,10,-1,-90,13744,core_plus_london_reversal_spread_20
ict_london_reversal,2026-02-26 08:50:00+00:00,2026-02-26 08:51:00+00:00,2026-02-26,1,LONG,450,80,10,-1,-90,13758,core_plus_london_reversal_spread_20
ict_london_reversal,2026-02-26 09:04:00+00:00,2026-02-26 09:05:00+00:00,2026-02-26,1,LONG,450,80,10,-1,-90,13772,core_plus_london_reversal_spread_20
ict_reversal_core,2026-02-26 16:01:00+00:00,2026-02-26 16:02:00+00:00,2026-02-26,1,LONG,450,80,15,-1,-90,14189,core_plus_london_reversal_spread_20
ict_reversal_core,2026-02-26 16:31:00+00:00,2026-02-26 16:32:00+00:00,2026-02-26,1,LONG,450,80,15,-1,-90,14219,core_plus_london_reversal_spread_20
ict_reversal_core,2026-03-02 17:47:00+00:00,2026-03-02 17:48:00+00:00,2026-03-02,1,LONG,450,80,15,-1,-90,17050,core_plus_london_reversal_spread_20
ict_london_reversal,2026-03-06 09:27:00+00:00,2026-03-06 09:32:00+00:00,2026-03-06,-1,SHORT,450,80,10,1,440,22044,core_plus_london_reversal_spread_20
ict_reversal_core,2026-03-06 14:34:00+00:00,2026-03-06 14:35:00+00:00,2026-03-06,1,LONG,450,80,15,-1,-90,22351,core_plus_london_reversal_spread_20
ict_reversal_core,2026-03-06 15:31:00+00:00,2026-03-06 15:32:00+00:00,2026-03-06,-1,SHORT,450,80,15,-1,-90,22408,core_plus_london_reversal_spread_20
ict_reversal_core,2026-03-06 17:03:00+00:00,2026-03-06 17:04:00+00:00,2026-03-06,-1,SHORT,450,80,15,-1,-90,22500,core_plus_london_reversal_spread_20
ict_london_reversal,2026-02-12 08:00:00+00:00,2026-02-12 08:02:00+00:00,2026-02-12,-1,SHORT,450,80,10,1,440,78,core_plus_london_reversal_spread_22
ict_london_reversal,2026-02-12 10:33:00+00:00,2026-02-12 10:37:00+00:00,2026-02-12,1,LONG,450,80,10,1,440,231,core_plus_london_reversal_spread_22
ict_reversal_core,2026-02-12 15:57:00+00:00,2026-02-12 16:00:00+00:00,2026-02-12,-1,SHORT,450,80,15,1,440,555,core_plus_london_reversal_spread_22
ict_reversal_core,2026-02-16 15:48:00+00:00,2026-02-16 15:51:00+00:00,2026-02-16,1,LONG,450,80,15,1,440,3301,core_plus_london_reversal_spread_22
ict_reversal_core,2026-02-16 16:17:00+00:00,2026-02-16 16:20:00+00:00,2026-02-16,-1,SHORT,450,80,15,1,440,3330,core_plus_london_reversal_spread_22
ict_reversal_core,2026-02-17 15:20:00+00:00,2026-02-17 15:21:00+00:00,2026-02-17,1,LONG,450,80,15,-1,-90,4503,core_plus_london_reversal_spread_22
ict_reversal_core,2026-02-17 18:31:00+00:00,2026-02-17 18:32:00+00:00,2026-02-17,1,LONG,450,80,15,-1,-90,4694,core_plus_london_reversal_spread_22
ict_reversal_core,2026-02-18 14:13:00+00:00,2026-02-18 14:14:00+00:00,2026-02-18,-1,SHORT,450,80,15,-1,-90,5814,core_plus_london_reversal_spread_22
ict_reversal_core,2026-02-19 14:32:00+00:00,2026-02-19 14:36:00+00:00,2026-02-19,-1,SHORT,450,80,15,1,440,7211,core_plus_london_reversal_spread_22
ict_reversal_core,2026-02-19 18:58:00+00:00,2026-02-19 18:59:00+00:00,2026-02-19,1,LONG,450,80,15,-1,-90,7477,core_plus_london_reversal_spread_22
ict_reversal_core,2026-02-20 16:30:00+00:00,2026-02-20 16:31:00+00:00,2026-02-20,1,LONG,450,80,15,-1,-90,8707,core_plus_london_reversal_spread_22
ict_reversal_core,2026-02-23 14:29:00+00:00,2026-02-23 14:38:00+00:00,2026-02-23,1,LONG,450,80,15,1,440,9963,core_plus_london_reversal_spread_22
ict_reversal_core,2026-02-24 16:31:00+00:00,2026-02-24 16:32:00+00:00,2026-02-24,-1,SHORT,450,80,15,-1,-90,11463,core_plus_london_reversal_spread_22
ict_london_reversal,2026-02-26 08:36:00+00:00,2026-02-26 08:37:00+00:00,2026-02-26,-1,SHORT,450,80,10,-1,-90,13744,core_plus_london_reversal_spread_22
ict_london_reversal,2026-02-26 08:50:00+00:00,2026-02-26 08:51:00+00:00,2026-02-26,1,LONG,450,80,10,-1,-90,13758,core_plus_london_reversal_spread_22
ict_london_reversal,2026-02-26 09:04:00+00:00,2026-02-26 09:05:00+00:00,2026-02-26,1,LONG,450,80,10,-1,-90,13772,core_plus_london_reversal_spread_22
ict_reversal_core,2026-02-26 16:01:00+00:00,2026-02-26 16:02:00+00:00,2026-02-26,1,LONG,450,80,15,-1,-90,14189,core_plus_london_reversal_spread_22
ict_reversal_core,2026-02-26 16:31:00+00:00,2026-02-26 16:32:00+00:00,2026-02-26,1,LONG,450,80,15,-1,-90,14219,core_plus_london_reversal_spread_22
ict_reversal_core,2026-03-02 17:47:00+00:00,2026-03-02 17:48:00+00:00,2026-03-02,1,LONG,450,80,15,-1,-90,17050,core_plus_london_reversal_spread_22
ict_reversal_core,2026-03-03 16:25:00+00:00,2026-03-03 16:26:00+00:00,2026-03-03,1,LONG,450,80,15,-1,-90,18328,core_plus_london_reversal_spread_22
ict_reversal_core,2026-03-04 14:04:00+00:00,2026-03-04 14:11:00+00:00,2026-03-04,-1,SHORT,450,80,15,1,440,19565,core_plus_london_reversal_spread_22
ict_reversal_core,2026-03-04 15:01:00+00:00,2026-03-04 15:02:00+00:00,2026-03-04,-1,SHORT,450,80,15,-1,-90,19622,core_plus_london_reversal_spread_22
ict_reversal_core,2026-03-04 15:53:00+00:00,2026-03-04 15:54:00+00:00,2026-03-04,1,LONG,450,80,15,-1,-90,19674,core_plus_london_reversal_spread_22
ict_london_reversal,2026-03-06 09:27:00+00:00,2026-03-06 09:32:00+00:00,2026-03-06,-1,SHORT,450,80,10,1,440,22044,core_plus_london_reversal_spread_22
ict_reversal_core,2026-03-06 14:34:00+00:00,2026-03-06 14:35:00+00:00,2026-03-06,1,LONG,450,80,15,-1,-90,22351,core_plus_london_reversal_spread_22
ict_reversal_core,2026-03-06 15:31:00+00:00,2026-03-06 15:32:00+00:00,2026-03-06,-1,SHORT,450,80,15,-1,-90,22408,core_plus_london_reversal_spread_22
ict_reversal_core,2026-03-06 17:03:00+00:00,2026-03-06 17:04:00+00:00,2026-03-06,-1,SHORT,450,80,15,-1,-90,22500,core_plus_london_reversal_spread_22
ict_london_reversal,2026-03-10 08:46:00+00:00,2026-03-10 08:50:00+00:00,2026-03-10,1,LONG,450,80,10,1,440,24758,core_plus_london_reversal_spread_22
ict_reversal_core,2026-03-11 16:52:00+00:00,2026-03-11 16:54:00+00:00,2026-03-11,1,LONG,450,80,15,1,440,26622,core_plus_london_reversal_spread_22
ict_london_reversal,2026-03-12 10:46:00+00:00,2026-03-12 10:47:00+00:00,2026-03-12,-1,SHORT,450,80,10,-1,-90,27634,core_plus_london_reversal_spread_22
ict_reversal_core,2026-03-12 14:45:00+00:00,2026-03-12 14:46:00+00:00,2026-03-12,-1,SHORT,450,80,15,-1,-90,27873,core_plus_london_reversal_spread_22
ict_london_reversal,2026-03-16 08:55:00+00:00,2026-03-16 08:56:00+00:00,2026-03-16,-1,SHORT,450,80,10,-1,-90,30278,core_plus_london_reversal_spread_22
ict_london_reversal,2026-03-17 10:08:00+00:00,2026-03-17 10:10:00+00:00,2026-03-17,-1,SHORT,450,80,10,-1,-90,31729,core_plus_london_reversal_spread_22
ict_london_reversal,2026-02-12 08:00:00+00:00,2026-02-12 08:02:00+00:00,2026-02-12,-1,SHORT,450,80,10,1,440,78,core_plus_london_reversal_spread_23
ict_london_reversal,2026-02-12 10:33:00+00:00,2026-02-12 10:37:00+00:00,2026-02-12,1,LONG,450,80,10,1,440,231,core_plus_london_reversal_spread_23
ict_reversal_core,2026-02-12 15:57:00+00:00,2026-02-12 16:00:00+00:00,2026-02-12,-1,SHORT,450,80,15,1,440,555,core_plus_london_reversal_spread_23
ict_reversal_core,2026-02-16 15:48:00+00:00,2026-02-16 15:51:00+00:00,2026-02-16,1,LONG,450,80,15,1,440,3301,core_plus_london_reversal_spread_23
ict_reversal_core,2026-02-16 16:17:00+00:00,2026-02-16 16:20:00+00:00,2026-02-16,-1,SHORT,450,80,15,1,440,3330,core_plus_london_reversal_spread_23
ict_reversal_core,2026-02-17 15:20:00+00:00,2026-02-17 15:21:00+00:00,2026-02-17,1,LONG,450,80,15,-1,-90,4503,core_plus_london_reversal_spread_23
ict_reversal_core,2026-02-17 18:31:00+00:00,2026-02-17 18:32:00+00:00,2026-02-17,1,LONG,450,80,15,-1,-90,4694,core_plus_london_reversal_spread_23
ict_reversal_core,2026-02-18 14:13:00+00:00,2026-02-18 14:14:00+00:00,2026-02-18,-1,SHORT,450,80,15,-1,-90,5814,core_plus_london_reversal_spread_23
ict_reversal_core,2026-02-19 14:32:00+00:00,2026-02-19 14:36:00+00:00,2026-02-19,-1,SHORT,450,80,15,1,440,7211,core_plus_london_reversal_spread_23
ict_reversal_core,2026-02-19 18:58:00+00:00,2026-02-19 18:59:00+00:00,2026-02-19,1,LONG,450,80,15,-1,-90,7477,core_plus_london_reversal_spread_23
ict_reversal_core,2026-02-20 16:30:00+00:00,2026-02-20 16:31:00+00:00,2026-02-20,1,LONG,450,80,15,-1,-90,8707,core_plus_london_reversal_spread_23
ict_reversal_core,2026-02-23 14:29:00+00:00,2026-02-23 14:38:00+00:00,2026-02-23,1,LONG,450,80,15,1,440,9963,core_plus_london_reversal_spread_23
ict_reversal_core,2026-02-24 16:31:00+00:00,2026-02-24 16:32:00+00:00,2026-02-24,-1,SHORT,450,80,15,-1,-90,11463,core_plus_london_reversal_spread_23
ict_london_reversal,2026-02-26 08:36:00+00:00,2026-02-26 08:37:00+00:00,2026-02-26,-1,SHORT,450,80,10,-1,-90,13744,core_plus_london_reversal_spread_23
ict_london_reversal,2026-02-26 08:50:00+00:00,2026-02-26 08:51:00+00:00,2026-02-26,1,LONG,450,80,10,-1,-90,13758,core_plus_london_reversal_spread_23
ict_london_reversal,2026-02-26 09:04:00+00:00,2026-02-26 09:05:00+00:00,2026-02-26,1,LONG,450,80,10,-1,-90,13772,core_plus_london_reversal_spread_23
ict_reversal_core,2026-02-26 16:01:00+00:00,2026-02-26 16:02:00+00:00,2026-02-26,1,LONG,450,80,15,-1,-90,14189,core_plus_london_reversal_spread_23
ict_reversal_core,2026-02-26 16:31:00+00:00,2026-02-26 16:32:00+00:00,2026-02-26,1,LONG,450,80,15,-1,-90,14219,core_plus_london_reversal_spread_23
ict_reversal_core,2026-03-02 17:47:00+00:00,2026-03-02 17:48:00+00:00,2026-03-02,1,LONG,450,80,15,-1,-90,17050,core_plus_london_reversal_spread_23
ict_reversal_core,2026-03-03 16:25:00+00:00,2026-03-03 16:26:00+00:00,2026-03-03,1,LONG,450,80,15,-1,-90,18328,core_plus_london_reversal_spread_23
ict_reversal_core,2026-03-04 14:04:00+00:00,2026-03-04 14:11:00+00:00,2026-03-04,-1,SHORT,450,80,15,1,440,19565,core_plus_london_reversal_spread_23
ict_reversal_core,2026-03-04 15:01:00+00:00,2026-03-04 15:02:00+00:00,2026-03-04,-1,SHORT,450,80,15,-1,-90,19622,core_plus_london_reversal_spread_23
ict_reversal_core,2026-03-04 15:53:00+00:00,2026-03-04 15:54:00+00:00,2026-03-04,1,LONG,450,80,15,-1,-90,19674,core_plus_london_reversal_spread_23
ict_london_reversal,2026-03-06 09:27:00+00:00,2026-03-06 09:32:00+00:00,2026-03-06,-1,SHORT,450,80,10,1,440,22044,core_plus_london_reversal_spread_23
ict_reversal_core,2026-03-06 14:34:00+00:00,2026-03-06 14:35:00+00:00,2026-03-06,1,LONG,450,80,15,-1,-90,22351,core_plus_london_reversal_spread_23
ict_reversal_core,2026-03-06 15:31:00+00:00,2026-03-06 15:32:00+00:00,2026-03-06,-1,SHORT,450,80,15,-1,-90,22408,core_plus_london_reversal_spread_23
ict_reversal_core,2026-03-06 17:03:00+00:00,2026-03-06 17:04:00+00:00,2026-03-06,-1,SHORT,450,80,15,-1,-90,22500,core_plus_london_reversal_spread_23
ict_london_reversal,2026-03-10 08:46:00+00:00,2026-03-10 08:50:00+00:00,2026-03-10,1,LONG,450,80,10,1,440,24758,core_plus_london_reversal_spread_23
ict_reversal_core,2026-03-11 16:52:00+00:00,2026-03-11 16:54:00+00:00,2026-03-11,1,LONG,450,80,15,1,440,26622,core_plus_london_reversal_spread_23
ict_london_reversal,2026-03-12 10:46:00+00:00,2026-03-12 10:47:00+00:00,2026-03-12,-1,SHORT,450,80,10,-1,-90,27634,core_plus_london_reversal_spread_23
ict_reversal_core,2026-03-12 14:45:00+00:00,2026-03-12 14:46:00+00:00,2026-03-12,-1,SHORT,450,80,15,-1,-90,27873,core_plus_london_reversal_spread_23
ict_london_reversal,2026-03-16 08:55:00+00:00,2026-03-16 08:56:00+00:00,2026-03-16,-1,SHORT,450,80,10,-1,-90,30278,core_plus_london_reversal_spread_23
ict_london_reversal,2026-03-17 10:08:00+00:00,2026-03-17 10:10:00+00:00,2026-03-17,-1,SHORT,450,80,10,-1,-90,31729,core_plus_london_reversal_spread_23
ict_reversal_core,2026-03-18 14:30:00+00:00,2026-03-18 14:32:00+00:00,2026-03-18,1,LONG,450,80,15,1,440,33369,core_plus_london_reversal_spread_23
ict_reversal_core,2026-03-18 18:01:00+00:00,2026-03-18 18:02:00+00:00,2026-03-18,-1,SHORT,450,80,15,-1,-90,33580,core_plus_london_reversal_spread_23
ict_reversal_core,2026-03-20 17:19:00+00:00,2026-03-20 17:20:00+00:00,2026-03-20,1,LONG,450,80,15,-1,-90,36294,core_plus_london_reversal_spread_23
ict_reversal_core,2026-03-24 14:01:00+00:00,2026-03-24 14:02:00+00:00,2026-03-24,-1,SHORT,450,80,15,-1,-90,38851,core_plus_london_reversal_spread_23
ict_london_reversal,2026-03-25 10:21:00+00:00,2026-03-25 10:22:00+00:00,2026-03-25,-1,SHORT,450,80,10,-1,-90,40009,core_plus_london_reversal_spread_23
ict_reversal_core,2026-03-25 18:18:00+00:00,2026-03-25 18:19:00+00:00,2026-03-25,1,LONG,450,80,15,-1,-90,40486,core_plus_london_reversal_spread_23
ict_reversal_core,2026-03-26 14:01:00+00:00,2026-03-26 14:02:00+00:00,2026-03-26,-1,SHORT,450,80,15,-1,-90,41607,core_plus_london_reversal_spread_23
ict_london_reversal,2026-03-27 08:12:00+00:00,2026-03-27 08:13:00+00:00,2026-03-27,1,LONG,450,80,10,-1,-90,42636,core_plus_london_reversal_spread_23
ict_london_reversal,2026-03-30 08:03:00+00:00,2026-03-30 08:04:00+00:00,2026-03-30,-1,SHORT,450,80,10,-1,-90,44004,core_plus_london_reversal_spread_23
ict_reversal_core,2026-03-30 16:07:00+00:00,2026-03-30 16:08:00+00:00,2026-03-30,1,LONG,450,80,15,-1,-90,44488,core_plus_london_reversal_spread_23
ict_reversal_core,2026-03-30 16:23:00+00:00,2026-03-30 16:24:00+00:00,2026-03-30,1,LONG,450,80,15,-1,-90,44504,core_plus_london_reversal_spread_23
ict_reversal_core,2026-03-31 17:03:00+00:00,2026-03-31 17:04:00+00:00,2026-03-31,-1,SHORT,450,80,15,-1,-90,45922,core_plus_london_reversal_spread_23
ict_london_reversal,2026-04-07 08:13:00+00:00,2026-04-07 08:15:00+00:00,2026-04-07,1,LONG,450,80,10,-1,-90,50901,core_plus_london_reversal_spread_23
ict_reversal_core,2026-04-07 16:30:00+00:00,2026-04-07 16:31:00+00:00,2026-04-07,-1,SHORT,450,80,15,1,440,51398,core_plus_london_reversal_spread_23
ict_london_reversal,2026-04-22 07:49:00+00:00,2026-04-22 07:56:00+00:00,2026-04-22,-1,SHORT,450,80,10,1,440,66033,core_plus_london_reversal_spread_23
ict_london_reversal,2026-04-22 09:05:00+00:00,2026-04-22 09:06:00+00:00,2026-04-22,1,LONG,450,80,10,-1,-90,66109,core_plus_london_reversal_spread_23
ict_reversal_core,2026-04-22 15:29:00+00:00,2026-04-22 15:33:00+00:00,2026-04-22,-1,SHORT,450,80,15,-1,-90,66493,core_plus_london_reversal_spread_23
ict_reversal_core,2026-04-22 16:09:00+00:00,2026-04-22 16:10:00+00:00,2026-04-22,1,LONG,450,80,15,-1,-90,66533,core_plus_london_reversal_spread_23
ict_reversal_core,2026-04-22 16:30:00+00:00,2026-04-22 16:31:00+00:00,2026-04-22,-1,SHORT,450,80,15,-1,-90,66554,core_plus_london_reversal_spread_23
ict_reversal_core,2026-04-24 13:24:00+00:00,2026-04-24 13:29:00+00:00,2026-04-24,1,LONG,450,80,15,-1,-90,69124,core_plus_london_reversal_spread_23
ict_reversal_core,2026-04-24 14:08:00+00:00,2026-04-24 14:09:00+00:00,2026-04-24,-1,SHORT,450,80,15,-1,-90,69168,core_plus_london_reversal_spread_23
ict_london_reversal,2026-04-27 07:34:00+00:00,2026-04-27 07:39:00+00:00,2026-04-27,-1,SHORT,450,80,10,-1,-90,70151,core_plus_london_reversal_spread_23
ict_reversal_core,2026-04-28 13:00:00+00:00,2026-04-28 13:03:00+00:00,2026-04-28,1,LONG,450,80,15,-1,-90,71855,core_plus_london_reversal_spread_23
ict_london_reversal,2026-04-29 09:00:00+00:00,2026-04-29 09:07:00+00:00,2026-04-29,1,LONG,450,80,10,-1,-90,72993,core_plus_london_reversal_spread_23
ict_london_reversal,2026-04-30 09:03:00+00:00,2026-04-30 09:04:00+00:00,2026-04-30,1,LONG,450,80,10,-1,-90,74374,core_plus_london_reversal_spread_23
ict_reversal_core,2026-05-01 14:02:00+00:00,2026-05-01 14:05:00+00:00,2026-05-01,1,LONG,450,80,15,-1,-90,76051,core_plus_london_reversal_spread_23
ict_reversal_core,2026-05-01 16:17:00+00:00,2026-05-01 16:18:00+00:00,2026-05-01,1,LONG,450,80,15,-1,-90,76186,core_plus_london_reversal_spread_23
ict_reversal_core,2026-05-05 15:30:00+00:00,2026-05-05 15:34:00+00:00,2026-05-05,-1,SHORT,450,80,15,-1,-90,78894,core_plus_london_reversal_spread_23
ict_reversal_core,2026-05-06 14:31:00+00:00,2026-05-06 14:34:00+00:00,2026-05-06,1,LONG,450,80,15,1,440,80213,core_plus_london_reversal_spread_23
ict_reversal_core,2026-05-07 15:50:00+00:00,2026-05-07 15:51:00+00:00,2026-05-07,-1,SHORT,450,80,15,-1,-90,81670,core_plus_london_reversal_spread_23
ict_reversal_core,2026-05-07 16:46:00+00:00,2026-05-07 16:47:00+00:00,2026-05-07,1,LONG,450,80,15,-1,-90,81726,core_plus_london_reversal_spread_23
ict_reversal_core,2026-05-08 15:44:00+00:00,2026-05-08 15:45:00+00:00,2026-05-08,-1,SHORT,450,80,15,-1,-90,83042,core_plus_london_reversal_spread_23
ict_london_reversal,2026-05-12 07:18:00+00:00,2026-05-12 07:21:00+00:00,2026-05-12,-1,SHORT,450,80,10,-1,-90,85291,core_plus_london_reversal_spread_23
ict_london_reversal,2026-05-12 08:55:00+00:00,2026-05-12 08:58:00+00:00,2026-05-12,1,LONG,450,80,10,-1,-90,85388,core_plus_london_reversal_spread_23
ict_reversal_core,2026-05-14 13:10:00+00:00,2026-05-14 13:11:00+00:00,2026-05-14,1,LONG,450,80,15,1,440,88399,core_plus_london_reversal_spread_23
ict_reversal_core,2026-05-14 14:49:00+00:00,2026-05-14 14:50:00+00:00,2026-05-14,-1,SHORT,450,80,15,-1,-90,88498,core_plus_london_reversal_spread_23
ict_reversal_core,2026-05-15 13:44:00+00:00,2026-05-15 13:45:00+00:00,2026-05-15,1,LONG,450,80,15,-1,-90,89811,core_plus_london_reversal_spread_23
ict_reversal_core,2026-05-15 15:15:00+00:00,2026-05-15 15:16:00+00:00,2026-05-15,1,LONG,450,80,15,-1,-90,89902,core_plus_london_reversal_spread_23
ict_reversal_core,2026-05-18 16:43:00+00:00,2026-05-18 16:44:00+00:00,2026-05-18,1,LONG,450,80,15,-1,-90,91367,core_plus_london_reversal_spread_23
ict_reversal_core,2026-05-19 13:38:00+00:00,2026-05-19 13:39:00+00:00,2026-05-19,-1,SHORT,450,80,15,-1,-90,92560,core_plus_london_reversal_spread_23
ict_reversal_core,2026-05-19 15:01:00+00:00,2026-05-19 15:05:00+00:00,2026-05-19,1,LONG,450,80,15,1,440,92643,core_plus_london_reversal_spread_23
ict_reversal_core,2026-05-20 16:00:00+00:00,2026-05-20 16:01:00+00:00,2026-05-20,1,LONG,450,80,15,-1,-90,94080,core_plus_london_reversal_spread_23
ict_reversal_core,2026-05-20 17:17:00+00:00,2026-05-20 17:18:00+00:00,2026-05-20,-1,SHORT,450,80,15,-1,-90,94157,core_plus_london_reversal_spread_23
ict_reversal_core,2026-05-21 13:27:00+00:00,2026-05-21 13:28:00+00:00,2026-05-21,1,LONG,450,80,15,-1,-90,95305,core_plus_london_reversal_spread_23
ict_reversal_core,2026-05-22 16:00:00+00:00,2026-05-22 16:01:00+00:00,2026-05-22,-1,SHORT,450,80,15,-1,-90,96836,core_plus_london_reversal_spread_23
ict_london_reversal,2026-05-25 08:51:00+00:00,2026-05-25 08:52:00+00:00,2026-05-25,1,LONG,450,80,10,-1,-90,97784,core_plus_london_reversal_spread_23
ict_london_reversal,2026-02-12 08:00:00+00:00,2026-02-12 08:02:00+00:00,2026-02-12,-1,SHORT,450,80,10,1,440,78,core_plus_london_reversal_spread_25
ict_london_reversal,2026-02-12 10:33:00+00:00,2026-02-12 10:37:00+00:00,2026-02-12,1,LONG,450,80,10,1,440,231,core_plus_london_reversal_spread_25
ict_reversal_core,2026-02-12 15:57:00+00:00,2026-02-12 16:00:00+00:00,2026-02-12,-1,SHORT,450,80,15,1,440,555,core_plus_london_reversal_spread_25
ict_reversal_core,2026-02-16 15:48:00+00:00,2026-02-16 15:51:00+00:00,2026-02-16,1,LONG,450,80,15,1,440,3301,core_plus_london_reversal_spread_25
ict_reversal_core,2026-02-16 16:17:00+00:00,2026-02-16 16:20:00+00:00,2026-02-16,-1,SHORT,450,80,15,1,440,3330,core_plus_london_reversal_spread_25
ict_reversal_core,2026-02-17 15:20:00+00:00,2026-02-17 15:21:00+00:00,2026-02-17,1,LONG,450,80,15,-1,-90,4503,core_plus_london_reversal_spread_25
ict_reversal_core,2026-02-17 18:31:00+00:00,2026-02-17 18:32:00+00:00,2026-02-17,1,LONG,450,80,15,-1,-90,4694,core_plus_london_reversal_spread_25
ict_reversal_core,2026-02-18 14:13:00+00:00,2026-02-18 14:14:00+00:00,2026-02-18,-1,SHORT,450,80,15,-1,-90,5814,core_plus_london_reversal_spread_25
ict_reversal_core,2026-02-19 14:32:00+00:00,2026-02-19 14:36:00+00:00,2026-02-19,-1,SHORT,450,80,15,1,440,7211,core_plus_london_reversal_spread_25
ict_reversal_core,2026-02-19 18:58:00+00:00,2026-02-19 18:59:00+00:00,2026-02-19,1,LONG,450,80,15,-1,-90,7477,core_plus_london_reversal_spread_25
ict_reversal_core,2026-02-20 16:30:00+00:00,2026-02-20 16:31:00+00:00,2026-02-20,1,LONG,450,80,15,-1,-90,8707,core_plus_london_reversal_spread_25
ict_reversal_core,2026-02-23 14:29:00+00:00,2026-02-23 14:38:00+00:00,2026-02-23,1,LONG,450,80,15,1,440,9963,core_plus_london_reversal_spread_25
ict_reversal_core,2026-02-24 16:31:00+00:00,2026-02-24 16:32:00+00:00,2026-02-24,-1,SHORT,450,80,15,-1,-90,11463,core_plus_london_reversal_spread_25
ict_london_reversal,2026-02-26 08:36:00+00:00,2026-02-26 08:37:00+00:00,2026-02-26,-1,SHORT,450,80,10,-1,-90,13744,core_plus_london_reversal_spread_25
ict_london_reversal,2026-02-26 08:50:00+00:00,2026-02-26 08:51:00+00:00,2026-02-26,1,LONG,450,80,10,-1,-90,13758,core_plus_london_reversal_spread_25
ict_london_reversal,2026-02-26 09:04:00+00:00,2026-02-26 09:05:00+00:00,2026-02-26,1,LONG,450,80,10,-1,-90,13772,core_plus_london_reversal_spread_25
ict_reversal_core,2026-02-26 16:01:00+00:00,2026-02-26 16:02:00+00:00,2026-02-26,1,LONG,450,80,15,-1,-90,14189,core_plus_london_reversal_spread_25
ict_reversal_core,2026-02-26 16:31:00+00:00,2026-02-26 16:32:00+00:00,2026-02-26,1,LONG,450,80,15,-1,-90,14219,core_plus_london_reversal_spread_25
ict_reversal_core,2026-03-02 17:47:00+00:00,2026-03-02 17:48:00+00:00,2026-03-02,1,LONG,450,80,15,-1,-90,17050,core_plus_london_reversal_spread_25
ict_reversal_core,2026-03-03 16:25:00+00:00,2026-03-03 16:26:00+00:00,2026-03-03,1,LONG,450,80,15,-1,-90,18328,core_plus_london_reversal_spread_25
ict_reversal_core,2026-03-04 14:04:00+00:00,2026-03-04 14:11:00+00:00,2026-03-04,-1,SHORT,450,80,15,1,440,19565,core_plus_london_reversal_spread_25
ict_reversal_core,2026-03-04 15:01:00+00:00,2026-03-04 15:02:00+00:00,2026-03-04,-1,SHORT,450,80,15,-1,-90,19622,core_plus_london_reversal_spread_25
ict_reversal_core,2026-03-04 15:53:00+00:00,2026-03-04 15:54:00+00:00,2026-03-04,1,LONG,450,80,15,-1,-90,19674,core_plus_london_reversal_spread_25
ict_london_reversal,2026-03-06 09:27:00+00:00,2026-03-06 09:32:00+00:00,2026-03-06,-1,SHORT,450,80,10,1,440,22044,core_plus_london_reversal_spread_25
ict_reversal_core,2026-03-06 14:34:00+00:00,2026-03-06 14:35:00+00:00,2026-03-06,1,LONG,450,80,15,-1,-90,22351,core_plus_london_reversal_spread_25
ict_reversal_core,2026-03-06 15:31:00+00:00,2026-03-06 15:32:00+00:00,2026-03-06,-1,SHORT,450,80,15,-1,-90,22408,core_plus_london_reversal_spread_25
ict_reversal_core,2026-03-06 17:03:00+00:00,2026-03-06 17:04:00+00:00,2026-03-06,-1,SHORT,450,80,15,-1,-90,22500,core_plus_london_reversal_spread_25
ict_london_reversal,2026-03-10 08:46:00+00:00,2026-03-10 08:50:00+00:00,2026-03-10,1,LONG,450,80,10,1,440,24758,core_plus_london_reversal_spread_25
ict_reversal_core,2026-03-11 16:52:00+00:00,2026-03-11 16:54:00+00:00,2026-03-11,1,LONG,450,80,15,1,440,26622,core_plus_london_reversal_spread_25
ict_london_reversal,2026-03-12 10:46:00+00:00,2026-03-12 10:47:00+00:00,2026-03-12,-1,SHORT,450,80,10,-1,-90,27634,core_plus_london_reversal_spread_25
ict_reversal_core,2026-03-12 14:45:00+00:00,2026-03-12 14:46:00+00:00,2026-03-12,-1,SHORT,450,80,15,-1,-90,27873,core_plus_london_reversal_spread_25
ict_london_reversal,2026-03-16 08:55:00+00:00,2026-03-16 08:56:00+00:00,2026-03-16,-1,SHORT,450,80,10,-1,-90,30278,core_plus_london_reversal_spread_25
ict_london_reversal,2026-03-17 10:08:00+00:00,2026-03-17 10:10:00+00:00,2026-03-17,-1,SHORT,450,80,10,-1,-90,31729,core_plus_london_reversal_spread_25
ict_reversal_core,2026-03-18 14:30:00+00:00,2026-03-18 14:32:00+00:00,2026-03-18,1,LONG,450,80,15,1,440,33369,core_plus_london_reversal_spread_25
ict_reversal_core,2026-03-18 18:01:00+00:00,2026-03-18 18:02:00+00:00,2026-03-18,-1,SHORT,450,80,15,-1,-90,33580,core_plus_london_reversal_spread_25
ict_reversal_core,2026-03-20 17:19:00+00:00,2026-03-20 17:20:00+00:00,2026-03-20,1,LONG,450,80,15,-1,-90,36294,core_plus_london_reversal_spread_25
ict_reversal_core,2026-03-24 14:01:00+00:00,2026-03-24 14:02:00+00:00,2026-03-24,-1,SHORT,450,80,15,-1,-90,38851,core_plus_london_reversal_spread_25
ict_london_reversal,2026-03-25 10:21:00+00:00,2026-03-25 10:22:00+00:00,2026-03-25,-1,SHORT,450,80,10,-1,-90,40009,core_plus_london_reversal_spread_25
ict_reversal_core,2026-03-25 18:18:00+00:00,2026-03-25 18:19:00+00:00,2026-03-25,1,LONG,450,80,15,-1,-90,40486,core_plus_london_reversal_spread_25
ict_reversal_core,2026-03-26 14:01:00+00:00,2026-03-26 14:02:00+00:00,2026-03-26,-1,SHORT,450,80,15,-1,-90,41607,core_plus_london_reversal_spread_25
ict_london_reversal,2026-03-27 08:12:00+00:00,2026-03-27 08:13:00+00:00,2026-03-27,1,LONG,450,80,10,-1,-90,42636,core_plus_london_reversal_spread_25
ict_london_reversal,2026-03-30 08:03:00+00:00,2026-03-30 08:04:00+00:00,2026-03-30,-1,SHORT,450,80,10,-1,-90,44004,core_plus_london_reversal_spread_25
ict_reversal_core,2026-03-30 16:07:00+00:00,2026-03-30 16:08:00+00:00,2026-03-30,1,LONG,450,80,15,-1,-90,44488,core_plus_london_reversal_spread_25
ict_reversal_core,2026-03-30 16:23:00+00:00,2026-03-30 16:24:00+00:00,2026-03-30,1,LONG,450,80,15,-1,-90,44504,core_plus_london_reversal_spread_25
ict_reversal_core,2026-03-31 17:03:00+00:00,2026-03-31 17:04:00+00:00,2026-03-31,-1,SHORT,450,80,15,-1,-90,45922,core_plus_london_reversal_spread_25
ict_london_reversal,2026-04-07 08:13:00+00:00,2026-04-07 08:15:00+00:00,2026-04-07,1,LONG,450,80,10,-1,-90,50901,core_plus_london_reversal_spread_25
ict_reversal_core,2026-04-07 16:30:00+00:00,2026-04-07 16:31:00+00:00,2026-04-07,-1,SHORT,450,80,15,1,440,51398,core_plus_london_reversal_spread_25
ict_reversal_core,2026-04-14 14:57:00+00:00,2026-04-14 14:58:00+00:00,2026-04-14,1,LONG,450,80,15,1,440,58194,core_plus_london_reversal_spread_25
ict_london_reversal,2026-04-16 07:13:00+00:00,2026-04-16 07:17:00+00:00,2026-04-16,1,LONG,450,80,10,1,440,60486,core_plus_london_reversal_spread_25
ict_reversal_core,2026-04-16 13:01:00+00:00,2026-04-16 13:02:00+00:00,2026-04-16,-1,SHORT,450,80,15,-1,-90,60834,core_plus_london_reversal_spread_25
ict_reversal_core,2026-04-17 13:12:00+00:00,2026-04-17 13:13:00+00:00,2026-04-17,1,LONG,450,80,15,-1,-90,62223,core_plus_london_reversal_spread_25
ict_reversal_core,2026-04-17 15:26:00+00:00,2026-04-17 15:27:00+00:00,2026-04-17,-1,SHORT,450,80,15,-1,-90,62357,core_plus_london_reversal_spread_25
ict_london_reversal,2026-04-22 07:49:00+00:00,2026-04-22 07:56:00+00:00,2026-04-22,-1,SHORT,450,80,10,1,440,66033,core_plus_london_reversal_spread_25
ict_london_reversal,2026-04-22 09:05:00+00:00,2026-04-22 09:06:00+00:00,2026-04-22,1,LONG,450,80,10,-1,-90,66109,core_plus_london_reversal_spread_25
ict_reversal_core,2026-04-22 15:29:00+00:00,2026-04-22 15:33:00+00:00,2026-04-22,-1,SHORT,450,80,15,-1,-90,66493,core_plus_london_reversal_spread_25
ict_reversal_core,2026-04-22 16:09:00+00:00,2026-04-22 16:10:00+00:00,2026-04-22,1,LONG,450,80,15,-1,-90,66533,core_plus_london_reversal_spread_25
ict_reversal_core,2026-04-22 16:30:00+00:00,2026-04-22 16:31:00+00:00,2026-04-22,-1,SHORT,450,80,15,-1,-90,66554,core_plus_london_reversal_spread_25
ict_reversal_core,2026-04-24 13:24:00+00:00,2026-04-24 13:29:00+00:00,2026-04-24,1,LONG,450,80,15,-1,-90,69124,core_plus_london_reversal_spread_25
ict_reversal_core,2026-04-24 14:08:00+00:00,2026-04-24 14:09:00+00:00,2026-04-24,-1,SHORT,450,80,15,-1,-90,69168,core_plus_london_reversal_spread_25
ict_london_reversal,2026-04-27 07:34:00+00:00,2026-04-27 07:39:00+00:00,2026-04-27,-1,SHORT,450,80,10,-1,-90,70151,core_plus_london_reversal_spread_25
ict_reversal_core,2026-04-28 13:00:00+00:00,2026-04-28 13:03:00+00:00,2026-04-28,1,LONG,450,80,15,-1,-90,71855,core_plus_london_reversal_spread_25
ict_london_reversal,2026-04-29 09:00:00+00:00,2026-04-29 09:07:00+00:00,2026-04-29,1,LONG,450,80,10,-1,-90,72993,core_plus_london_reversal_spread_25
ict_london_reversal,2026-04-30 09:03:00+00:00,2026-04-30 09:04:00+00:00,2026-04-30,1,LONG,450,80,10,-1,-90,74374,core_plus_london_reversal_spread_25
ict_reversal_core,2026-05-01 14:02:00+00:00,2026-05-01 14:05:00+00:00,2026-05-01,1,LONG,450,80,15,-1,-90,76051,core_plus_london_reversal_spread_25
ict_reversal_core,2026-05-01 16:17:00+00:00,2026-05-01 16:18:00+00:00,2026-05-01,1,LONG,450,80,15,-1,-90,76186,core_plus_london_reversal_spread_25
ict_reversal_core,2026-05-05 15:30:00+00:00,2026-05-05 15:34:00+00:00,2026-05-05,-1,SHORT,450,80,15,-1,-90,78894,core_plus_london_reversal_spread_25
ict_reversal_core,2026-05-06 14:31:00+00:00,2026-05-06 14:34:00+00:00,2026-05-06,1,LONG,450,80,15,1,440,80213,core_plus_london_reversal_spread_25
ict_reversal_core,2026-05-07 15:50:00+00:00,2026-05-07 15:51:00+00:00,2026-05-07,-1,SHORT,450,80,15,-1,-90,81670,core_plus_london_reversal_spread_25
ict_reversal_core,2026-05-07 16:46:00+00:00,2026-05-07 16:47:00+00:00,2026-05-07,1,LONG,450,80,15,-1,-90,81726,core_plus_london_reversal_spread_25
ict_reversal_core,2026-05-08 15:44:00+00:00,2026-05-08 15:45:00+00:00,2026-05-08,-1,SHORT,450,80,15,-1,-90,83042,core_plus_london_reversal_spread_25
ict_london_reversal,2026-05-12 07:18:00+00:00,2026-05-12 07:21:00+00:00,2026-05-12,-1,SHORT,450,80,10,-1,-90,85291,core_plus_london_reversal_spread_25
ict_london_reversal,2026-05-12 08:55:00+00:00,2026-05-12 08:58:00+00:00,2026-05-12,1,LONG,450,80,10,-1,-90,85388,core_plus_london_reversal_spread_25
ict_reversal_core,2026-05-14 13:10:00+00:00,2026-05-14 13:11:00+00:00,2026-05-14,1,LONG,450,80,15,1,440,88399,core_plus_london_reversal_spread_25
ict_reversal_core,2026-05-14 14:49:00+00:00,2026-05-14 14:50:00+00:00,2026-05-14,-1,SHORT,450,80,15,-1,-90,88498,core_plus_london_reversal_spread_25
ict_reversal_core,2026-05-15 13:44:00+00:00,2026-05-15 13:45:00+00:00,2026-05-15,1,LONG,450,80,15,-1,-90,89811,core_plus_london_reversal_spread_25
ict_reversal_core,2026-05-15 15:15:00+00:00,2026-05-15 15:16:00+00:00,2026-05-15,1,LONG,450,80,15,-1,-90,89902,core_plus_london_reversal_spread_25
ict_reversal_core,2026-05-18 16:43:00+00:00,2026-05-18 16:44:00+00:00,2026-05-18,1,LONG,450,80,15,-1,-90,91367,core_plus_london_reversal_spread_25
ict_reversal_core,2026-05-19 13:38:00+00:00,2026-05-19 13:39:00+00:00,2026-05-19,-1,SHORT,450,80,15,-1,-90,92560,core_plus_london_reversal_spread_25
ict_reversal_core,2026-05-19 15:01:00+00:00,2026-05-19 15:05:00+00:00,2026-05-19,1,LONG,450,80,15,1,440,92643,core_plus_london_reversal_spread_25
ict_reversal_core,2026-05-20 16:00:00+00:00,2026-05-20 16:01:00+00:00,2026-05-20,1,LONG,450,80,15,-1,-90,94080,core_plus_london_reversal_spread_25
ict_reversal_core,2026-05-20 17:17:00+00:00,2026-05-20 17:18:00+00:00,2026-05-20,-1,SHORT,450,80,15,-1,-90,94157,core_plus_london_reversal_spread_25
ict_reversal_core,2026-05-21 13:27:00+00:00,2026-05-21 13:28:00+00:00,2026-05-21,1,LONG,450,80,15,-1,-90,95305,core_plus_london_reversal_spread_25
ict_reversal_core,2026-05-22 16:00:00+00:00,2026-05-22 16:01:00+00:00,2026-05-22,-1,SHORT,450,80,15,-1,-90,96836,core_plus_london_reversal_spread_25
ict_london_reversal,2026-05-25 08:51:00+00:00,2026-05-25 08:52:00+00:00,2026-05-25,1,LONG,450,80,10,-1,-90,97784,core_plus_london_reversal_spread_25
ict_reversal_core,2026-02-12 15:57:00+00:00,2026-02-12 16:00:00+00:00,2026-02-12,-1,SHORT,450,80,15,1,440,555,core_plus_retrace_spread_20
ict_reversal_core,2026-02-16 15:48:00+00:00,2026-02-16 15:51:00+00:00,2026-02-16,1,LONG,450,80,15,1,440,3301,core_plus_retrace_spread_20
ict_reversal_core,2026-02-16 16:17:00+00:00,2026-02-16 16:20:00+00:00,2026-02-16,-1,SHORT,450,80,15,1,440,3330,core_plus_retrace_spread_20
ict_reversal_core,2026-02-17 15:20:00+00:00,2026-02-17 15:21:00+00:00,2026-02-17,1,LONG,450,80,15,-1,-90,4503,core_plus_retrace_spread_20
ict_reversal_core,2026-02-17 18:31:00+00:00,2026-02-17 18:32:00+00:00,2026-02-17,1,LONG,450,80,15,-1,-90,4694,core_plus_retrace_spread_20
displacement_retrace,2026-02-17 18:33:00+00:00,2026-02-17 18:34:00+00:00,2026-02-17,1,LONG,500,60,15,-1,-70,4694,core_plus_retrace_spread_20
ict_reversal_core,2026-02-18 14:13:00+00:00,2026-02-18 14:14:00+00:00,2026-02-18,-1,SHORT,450,80,15,-1,-90,5814,core_plus_retrace_spread_20
displacement_retrace,2026-02-18 14:15:00+00:00,2026-02-18 14:16:00+00:00,2026-02-18,-1,SHORT,500,60,15,-1,-70,5814,core_plus_retrace_spread_20
ict_reversal_core,2026-02-19 14:32:00+00:00,2026-02-19 14:36:00+00:00,2026-02-19,-1,SHORT,450,80,15,1,440,7211,core_plus_retrace_spread_20
ict_reversal_core,2026-02-19 18:58:00+00:00,2026-02-19 18:59:00+00:00,2026-02-19,1,LONG,450,80,15,-1,-90,7477,core_plus_retrace_spread_20
displacement_retrace,2026-02-19 19:01:00+00:00,2026-02-19 19:02:00+00:00,2026-02-19,1,LONG,500,60,15,-1,-70,7477,core_plus_retrace_spread_20
ict_reversal_core,2026-02-20 16:30:00+00:00,2026-02-20 16:31:00+00:00,2026-02-20,1,LONG,450,80,15,-1,-90,8707,core_plus_retrace_spread_20
displacement_retrace,2026-02-20 16:37:00+00:00,2026-02-20 16:38:00+00:00,2026-02-20,1,LONG,500,60,15,1,490,8707,core_plus_retrace_spread_20
ict_reversal_core,2026-02-23 14:29:00+00:00,2026-02-23 14:38:00+00:00,2026-02-23,1,LONG,450,80,15,1,440,9963,core_plus_retrace_spread_20
ict_reversal_core,2026-02-24 16:31:00+00:00,2026-02-24 16:32:00+00:00,2026-02-24,-1,SHORT,450,80,15,-1,-90,11463,core_plus_retrace_spread_20
displacement_retrace,2026-02-24 16:32:00+00:00,2026-02-24 16:33:00+00:00,2026-02-24,-1,SHORT,500,60,15,-1,-70,11463,core_plus_retrace_spread_20
ict_reversal_core,2026-02-26 16:01:00+00:00,2026-02-26 16:02:00+00:00,2026-02-26,1,LONG,450,80,15,-1,-90,14189,core_plus_retrace_spread_20
displacement_retrace,2026-02-26 16:03:00+00:00,2026-02-26 16:04:00+00:00,2026-02-26,1,LONG,500,60,15,-1,-70,14189,core_plus_retrace_spread_20
ict_reversal_core,2026-02-26 16:31:00+00:00,2026-02-26 16:32:00+00:00,2026-02-26,1,LONG,450,80,15,-1,-90,14219,core_plus_retrace_spread_20
displacement_retrace,2026-02-26 16:32:00+00:00,2026-02-26 16:34:00+00:00,2026-02-26,1,LONG,500,60,15,1,490,14219,core_plus_retrace_spread_20
ict_reversal_core,2026-03-02 17:47:00+00:00,2026-03-02 17:48:00+00:00,2026-03-02,1,LONG,450,80,15,-1,-90,17050,core_plus_retrace_spread_20
displacement_retrace,2026-03-02 17:51:00+00:00,2026-03-02 17:52:00+00:00,2026-03-02,1,LONG,500,60,15,-1,-70,17050,core_plus_retrace_spread_20
ict_reversal_core,2026-03-06 14:34:00+00:00,2026-03-06 14:35:00+00:00,2026-03-06,1,LONG,450,80,15,-1,-90,22351,core_plus_retrace_spread_20
displacement_retrace,2026-03-06 14:36:00+00:00,2026-03-06 14:38:00+00:00,2026-03-06,1,LONG,500,60,15,1,490,22351,core_plus_retrace_spread_20
ict_reversal_core,2026-03-06 15:31:00+00:00,2026-03-06 15:32:00+00:00,2026-03-06,-1,SHORT,450,80,15,-1,-90,22408,core_plus_retrace_spread_20
displacement_retrace,2026-03-06 15:32:00+00:00,2026-03-06 15:33:00+00:00,2026-03-06,-1,SHORT,500,60,15,-1,-70,22408,core_plus_retrace_spread_20
ict_reversal_core,2026-03-06 17:03:00+00:00,2026-03-06 17:04:00+00:00,2026-03-06,-1,SHORT,450,80,15,-1,-90,22500,core_plus_retrace_spread_20
displacement_retrace,2026-03-06 17:05:00+00:00,2026-03-06 17:06:00+00:00,2026-03-06,-1,SHORT,500,60,15,-1,-70,22500,core_plus_retrace_spread_20
ict_reversal_core,2026-02-12 15:57:00+00:00,2026-02-12 16:00:00+00:00,2026-02-12,-1,SHORT,450,80,15,1,440,555,core_plus_retrace_spread_22
ict_reversal_core,2026-02-16 15:48:00+00:00,2026-02-16 15:51:00+00:00,2026-02-16,1,LONG,450,80,15,1,440,3301,core_plus_retrace_spread_22
ict_reversal_core,2026-02-16 16:17:00+00:00,2026-02-16 16:20:00+00:00,2026-02-16,-1,SHORT,450,80,15,1,440,3330,core_plus_retrace_spread_22
ict_reversal_core,2026-02-17 15:20:00+00:00,2026-02-17 15:21:00+00:00,2026-02-17,1,LONG,450,80,15,-1,-90,4503,core_plus_retrace_spread_22
ict_reversal_core,2026-02-17 18:31:00+00:00,2026-02-17 18:32:00+00:00,2026-02-17,1,LONG,450,80,15,-1,-90,4694,core_plus_retrace_spread_22
displacement_retrace,2026-02-17 18:33:00+00:00,2026-02-17 18:34:00+00:00,2026-02-17,1,LONG,500,60,15,-1,-70,4694,core_plus_retrace_spread_22
ict_reversal_core,2026-02-18 14:13:00+00:00,2026-02-18 14:14:00+00:00,2026-02-18,-1,SHORT,450,80,15,-1,-90,5814,core_plus_retrace_spread_22
displacement_retrace,2026-02-18 14:15:00+00:00,2026-02-18 14:16:00+00:00,2026-02-18,-1,SHORT,500,60,15,-1,-70,5814,core_plus_retrace_spread_22
ict_reversal_core,2026-02-19 14:32:00+00:00,2026-02-19 14:36:00+00:00,2026-02-19,-1,SHORT,450,80,15,1,440,7211,core_plus_retrace_spread_22
ict_reversal_core,2026-02-19 18:58:00+00:00,2026-02-19 18:59:00+00:00,2026-02-19,1,LONG,450,80,15,-1,-90,7477,core_plus_retrace_spread_22
displacement_retrace,2026-02-19 19:01:00+00:00,2026-02-19 19:02:00+00:00,2026-02-19,1,LONG,500,60,15,-1,-70,7477,core_plus_retrace_spread_22
ict_reversal_core,2026-02-20 16:30:00+00:00,2026-02-20 16:31:00+00:00,2026-02-20,1,LONG,450,80,15,-1,-90,8707,core_plus_retrace_spread_22
displacement_retrace,2026-02-20 16:37:00+00:00,2026-02-20 16:38:00+00:00,2026-02-20,1,LONG,500,60,15,1,490,8707,core_plus_retrace_spread_22
ict_reversal_core,2026-02-23 14:29:00+00:00,2026-02-23 14:38:00+00:00,2026-02-23,1,LONG,450,80,15,1,440,9963,core_plus_retrace_spread_22
ict_reversal_core,2026-02-24 16:31:00+00:00,2026-02-24 16:32:00+00:00,2026-02-24,-1,SHORT,450,80,15,-1,-90,11463,core_plus_retrace_spread_22
displacement_retrace,2026-02-24 16:32:00+00:00,2026-02-24 16:33:00+00:00,2026-02-24,-1,SHORT,500,60,15,-1,-70,11463,core_plus_retrace_spread_22
ict_reversal_core,2026-02-26 16:01:00+00:00,2026-02-26 16:02:00+00:00,2026-02-26,1,LONG,450,80,15,-1,-90,14189,core_plus_retrace_spread_22
displacement_retrace,2026-02-26 16:03:00+00:00,2026-02-26 16:04:00+00:00,2026-02-26,1,LONG,500,60,15,-1,-70,14189,core_plus_retrace_spread_22
ict_reversal_core,2026-02-26 16:31:00+00:00,2026-02-26 16:32:00+00:00,2026-02-26,1,LONG,450,80,15,-1,-90,14219,core_plus_retrace_spread_22
displacement_retrace,2026-02-26 16:32:00+00:00,2026-02-26 16:34:00+00:00,2026-02-26,1,LONG,500,60,15,1,490,14219,core_plus_retrace_spread_22
ict_reversal_core,2026-03-02 17:47:00+00:00,2026-03-02 17:48:00+00:00,2026-03-02,1,LONG,450,80,15,-1,-90,17050,core_plus_retrace_spread_22
displacement_retrace,2026-03-02 17:51:00+00:00,2026-03-02 17:52:00+00:00,2026-03-02,1,LONG,500,60,15,-1,-70,17050,core_plus_retrace_spread_22
ict_reversal_core,2026-03-03 16:25:00+00:00,2026-03-03 16:26:00+00:00,2026-03-03,1,LONG,450,80,15,-1,-90,18328,core_plus_retrace_spread_22
displacement_retrace,2026-03-03 16:26:00+00:00,2026-03-03 16:27:00+00:00,2026-03-03,1,LONG,500,60,15,1,490,18328,core_plus_retrace_spread_22
ict_reversal_core,2026-03-04 14:04:00+00:00,2026-03-04 14:11:00+00:00,2026-03-04,-1,SHORT,450,80,15,1,440,19565,core_plus_retrace_spread_22
ict_reversal_core,2026-03-04 15:01:00+00:00,2026-03-04 15:02:00+00:00,2026-03-04,-1,SHORT,450,80,15,-1,-90,19622,core_plus_retrace_spread_22
displacement_retrace,2026-03-04 15:02:00+00:00,2026-03-04 15:03:00+00:00,2026-03-04,-1,SHORT,500,60,15,-1,-70,19622,core_plus_retrace_spread_22
ict_reversal_core,2026-03-04 15:53:00+00:00,2026-03-04 15:54:00+00:00,2026-03-04,1,LONG,450,80,15,-1,-90,19674,core_plus_retrace_spread_22
displacement_retrace,2026-03-04 15:54:00+00:00,2026-03-04 15:55:00+00:00,2026-03-04,1,LONG,500,60,15,-1,-70,19674,core_plus_retrace_spread_22
ict_reversal_core,2026-03-06 14:34:00+00:00,2026-03-06 14:35:00+00:00,2026-03-06,1,LONG,450,80,15,-1,-90,22351,core_plus_retrace_spread_22
displacement_retrace,2026-03-06 14:36:00+00:00,2026-03-06 14:38:00+00:00,2026-03-06,1,LONG,500,60,15,1,490,22351,core_plus_retrace_spread_22
ict_reversal_core,2026-03-06 15:31:00+00:00,2026-03-06 15:32:00+00:00,2026-03-06,-1,SHORT,450,80,15,-1,-90,22408,core_plus_retrace_spread_22
displacement_retrace,2026-03-06 15:32:00+00:00,2026-03-06 15:33:00+00:00,2026-03-06,-1,SHORT,500,60,15,-1,-70,22408,core_plus_retrace_spread_22
ict_reversal_core,2026-03-06 17:03:00+00:00,2026-03-06 17:04:00+00:00,2026-03-06,-1,SHORT,450,80,15,-1,-90,22500,core_plus_retrace_spread_22
displacement_retrace,2026-03-06 17:05:00+00:00,2026-03-06 17:06:00+00:00,2026-03-06,-1,SHORT,500,60,15,-1,-70,22500,core_plus_retrace_spread_22
ict_reversal_core,2026-03-11 16:52:00+00:00,2026-03-11 16:54:00+00:00,2026-03-11,1,LONG,450,80,15,1,440,26622,core_plus_retrace_spread_22
ict_reversal_core,2026-03-12 14:45:00+00:00,2026-03-12 14:46:00+00:00,2026-03-12,-1,SHORT,450,80,15,-1,-90,27873,core_plus_retrace_spread_22
displacement_retrace,2026-03-12 14:46:00+00:00,2026-03-12 14:47:00+00:00,2026-03-12,-1,SHORT,500,60,15,-1,-70,27873,core_plus_retrace_spread_22
ict_reversal_core,2026-02-12 15:57:00+00:00,2026-02-12 16:00:00+00:00,2026-02-12,-1,SHORT,450,80,15,1,440,555,core_plus_retrace_spread_23
ict_reversal_core,2026-02-16 15:48:00+00:00,2026-02-16 15:51:00+00:00,2026-02-16,1,LONG,450,80,15,1,440,3301,core_plus_retrace_spread_23
ict_reversal_core,2026-02-16 16:17:00+00:00,2026-02-16 16:20:00+00:00,2026-02-16,-1,SHORT,450,80,15,1,440,3330,core_plus_retrace_spread_23
ict_reversal_core,2026-02-17 15:20:00+00:00,2026-02-17 15:21:00+00:00,2026-02-17,1,LONG,450,80,15,-1,-90,4503,core_plus_retrace_spread_23
ict_reversal_core,2026-02-17 18:31:00+00:00,2026-02-17 18:32:00+00:00,2026-02-17,1,LONG,450,80,15,-1,-90,4694,core_plus_retrace_spread_23
displacement_retrace,2026-02-17 18:33:00+00:00,2026-02-17 18:34:00+00:00,2026-02-17,1,LONG,500,60,15,-1,-70,4694,core_plus_retrace_spread_23
ict_reversal_core,2026-02-18 14:13:00+00:00,2026-02-18 14:14:00+00:00,2026-02-18,-1,SHORT,450,80,15,-1,-90,5814,core_plus_retrace_spread_23
displacement_retrace,2026-02-18 14:15:00+00:00,2026-02-18 14:16:00+00:00,2026-02-18,-1,SHORT,500,60,15,-1,-70,5814,core_plus_retrace_spread_23
ict_reversal_core,2026-02-19 14:32:00+00:00,2026-02-19 14:36:00+00:00,2026-02-19,-1,SHORT,450,80,15,1,440,7211,core_plus_retrace_spread_23
ict_reversal_core,2026-02-19 18:58:00+00:00,2026-02-19 18:59:00+00:00,2026-02-19,1,LONG,450,80,15,-1,-90,7477,core_plus_retrace_spread_23
displacement_retrace,2026-02-19 19:01:00+00:00,2026-02-19 19:02:00+00:00,2026-02-19,1,LONG,500,60,15,-1,-70,7477,core_plus_retrace_spread_23
ict_reversal_core,2026-02-20 16:30:00+00:00,2026-02-20 16:31:00+00:00,2026-02-20,1,LONG,450,80,15,-1,-90,8707,core_plus_retrace_spread_23
displacement_retrace,2026-02-20 16:37:00+00:00,2026-02-20 16:38:00+00:00,2026-02-20,1,LONG,500,60,15,1,490,8707,core_plus_retrace_spread_23
ict_reversal_core,2026-02-23 14:29:00+00:00,2026-02-23 14:38:00+00:00,2026-02-23,1,LONG,450,80,15,1,440,9963,core_plus_retrace_spread_23
ict_reversal_core,2026-02-24 16:31:00+00:00,2026-02-24 16:32:00+00:00,2026-02-24,-1,SHORT,450,80,15,-1,-90,11463,core_plus_retrace_spread_23
displacement_retrace,2026-02-24 16:32:00+00:00,2026-02-24 16:33:00+00:00,2026-02-24,-1,SHORT,500,60,15,-1,-70,11463,core_plus_retrace_spread_23
ict_reversal_core,2026-02-26 16:01:00+00:00,2026-02-26 16:02:00+00:00,2026-02-26,1,LONG,450,80,15,-1,-90,14189,core_plus_retrace_spread_23
displacement_retrace,2026-02-26 16:03:00+00:00,2026-02-26 16:04:00+00:00,2026-02-26,1,LONG,500,60,15,-1,-70,14189,core_plus_retrace_spread_23
ict_reversal_core,2026-02-26 16:31:00+00:00,2026-02-26 16:32:00+00:00,2026-02-26,1,LONG,450,80,15,-1,-90,14219,core_plus_retrace_spread_23
displacement_retrace,2026-02-26 16:32:00+00:00,2026-02-26 16:34:00+00:00,2026-02-26,1,LONG,500,60,15,1,490,14219,core_plus_retrace_spread_23
ict_reversal_core,2026-03-02 17:47:00+00:00,2026-03-02 17:48:00+00:00,2026-03-02,1,LONG,450,80,15,-1,-90,17050,core_plus_retrace_spread_23
displacement_retrace,2026-03-02 17:51:00+00:00,2026-03-02 17:52:00+00:00,2026-03-02,1,LONG,500,60,15,-1,-70,17050,core_plus_retrace_spread_23
ict_reversal_core,2026-03-03 16:25:00+00:00,2026-03-03 16:26:00+00:00,2026-03-03,1,LONG,450,80,15,-1,-90,18328,core_plus_retrace_spread_23
displacement_retrace,2026-03-03 16:26:00+00:00,2026-03-03 16:27:00+00:00,2026-03-03,1,LONG,500,60,15,1,490,18328,core_plus_retrace_spread_23
ict_reversal_core,2026-03-04 14:04:00+00:00,2026-03-04 14:11:00+00:00,2026-03-04,-1,SHORT,450,80,15,1,440,19565,core_plus_retrace_spread_23
ict_reversal_core,2026-03-04 15:01:00+00:00,2026-03-04 15:02:00+00:00,2026-03-04,-1,SHORT,450,80,15,-1,-90,19622,core_plus_retrace_spread_23
displacement_retrace,2026-03-04 15:02:00+00:00,2026-03-04 15:03:00+00:00,2026-03-04,-1,SHORT,500,60,15,-1,-70,19622,core_plus_retrace_spread_23
ict_reversal_core,2026-03-04 15:53:00+00:00,2026-03-04 15:54:00+00:00,2026-03-04,1,LONG,450,80,15,-1,-90,19674,core_plus_retrace_spread_23
displacement_retrace,2026-03-04 15:54:00+00:00,2026-03-04 15:55:00+00:00,2026-03-04,1,LONG,500,60,15,-1,-70,19674,core_plus_retrace_spread_23
ict_reversal_core,2026-03-06 14:34:00+00:00,2026-03-06 14:35:00+00:00,2026-03-06,1,LONG,450,80,15,-1,-90,22351,core_plus_retrace_spread_23
displacement_retrace,2026-03-06 14:36:00+00:00,2026-03-06 14:38:00+00:00,2026-03-06,1,LONG,500,60,15,1,490,22351,core_plus_retrace_spread_23
ict_reversal_core,2026-03-06 15:31:00+00:00,2026-03-06 15:32:00+00:00,2026-03-06,-1,SHORT,450,80,15,-1,-90,22408,core_plus_retrace_spread_23
displacement_retrace,2026-03-06 15:32:00+00:00,2026-03-06 15:33:00+00:00,2026-03-06,-1,SHORT,500,60,15,-1,-70,22408,core_plus_retrace_spread_23
ict_reversal_core,2026-03-06 17:03:00+00:00,2026-03-06 17:04:00+00:00,2026-03-06,-1,SHORT,450,80,15,-1,-90,22500,core_plus_retrace_spread_23
displacement_retrace,2026-03-06 17:05:00+00:00,2026-03-06 17:06:00+00:00,2026-03-06,-1,SHORT,500,60,15,-1,-70,22500,core_plus_retrace_spread_23
ict_reversal_core,2026-03-11 16:52:00+00:00,2026-03-11 16:54:00+00:00,2026-03-11,1,LONG,450,80,15,1,440,26622,core_plus_retrace_spread_23
ict_reversal_core,2026-03-12 14:45:00+00:00,2026-03-12 14:46:00+00:00,2026-03-12,-1,SHORT,450,80,15,-1,-90,27873,core_plus_retrace_spread_23
displacement_retrace,2026-03-12 14:46:00+00:00,2026-03-12 14:47:00+00:00,2026-03-12,-1,SHORT,500,60,15,-1,-70,27873,core_plus_retrace_spread_23
ict_reversal_core,2026-03-18 14:30:00+00:00,2026-03-18 14:32:00+00:00,2026-03-18,1,LONG,450,80,15,1,440,33369,core_plus_retrace_spread_23
displacement_retrace,2026-03-18 14:35:00+00:00,2026-03-18 14:36:00+00:00,2026-03-18,1,LONG,500,60,15,-1,-70,33369,core_plus_retrace_spread_23
ict_reversal_core,2026-03-18 18:01:00+00:00,2026-03-18 18:02:00+00:00,2026-03-18,-1,SHORT,450,80,15,-1,-90,33580,core_plus_retrace_spread_23
displacement_retrace,2026-03-18 18:05:00+00:00,2026-03-18 18:06:00+00:00,2026-03-18,-1,SHORT,500,60,15,-1,-70,33580,core_plus_retrace_spread_23
ict_reversal_core,2026-03-20 17:19:00+00:00,2026-03-20 17:20:00+00:00,2026-03-20,1,LONG,450,80,15,-1,-90,36294,core_plus_retrace_spread_23
displacement_retrace,2026-03-20 17:20:00+00:00,2026-03-20 17:21:00+00:00,2026-03-20,1,LONG,500,60,15,-1,-70,36294,core_plus_retrace_spread_23
ict_reversal_core,2026-03-24 14:01:00+00:00,2026-03-24 14:02:00+00:00,2026-03-24,-1,SHORT,450,80,15,-1,-90,38851,core_plus_retrace_spread_23
displacement_retrace,2026-03-24 14:08:00+00:00,2026-03-24 14:09:00+00:00,2026-03-24,-1,SHORT,500,60,15,1,490,38851,core_plus_retrace_spread_23
ict_reversal_core,2026-03-25 18:18:00+00:00,2026-03-25 18:19:00+00:00,2026-03-25,1,LONG,450,80,15,-1,-90,40486,core_plus_retrace_spread_23
ict_reversal_core,2026-03-26 14:01:00+00:00,2026-03-26 14:02:00+00:00,2026-03-26,-1,SHORT,450,80,15,-1,-90,41607,core_plus_retrace_spread_23
displacement_retrace,2026-03-26 14:03:00+00:00,2026-03-26 14:04:00+00:00,2026-03-26,-1,SHORT,500,60,15,-1,-70,41607,core_plus_retrace_spread_23
ict_reversal_core,2026-03-30 16:07:00+00:00,2026-03-30 16:08:00+00:00,2026-03-30,1,LONG,450,80,15,-1,-90,44488,core_plus_retrace_spread_23
displacement_retrace,2026-03-30 16:08:00+00:00,2026-03-30 16:09:00+00:00,2026-03-30,1,LONG,500,60,15,-1,-70,44488,core_plus_retrace_spread_23
ict_reversal_core,2026-03-30 16:23:00+00:00,2026-03-30 16:24:00+00:00,2026-03-30,1,LONG,450,80,15,-1,-90,44504,core_plus_retrace_spread_23
ict_reversal_core,2026-03-31 17:03:00+00:00,2026-03-31 17:04:00+00:00,2026-03-31,-1,SHORT,450,80,15,-1,-90,45922,core_plus_retrace_spread_23
displacement_retrace,2026-03-31 17:04:00+00:00,2026-03-31 17:05:00+00:00,2026-03-31,-1,SHORT,500,60,15,1,490,45922,core_plus_retrace_spread_23
ict_reversal_core,2026-04-07 16:30:00+00:00,2026-04-07 16:31:00+00:00,2026-04-07,-1,SHORT,450,80,15,1,440,51398,core_plus_retrace_spread_23
ict_reversal_core,2026-04-22 15:29:00+00:00,2026-04-22 15:33:00+00:00,2026-04-22,-1,SHORT,450,80,15,-1,-90,66493,core_plus_retrace_spread_23
ict_reversal_core,2026-04-22 16:09:00+00:00,2026-04-22 16:10:00+00:00,2026-04-22,1,LONG,450,80,15,-1,-90,66533,core_plus_retrace_spread_23
displacement_retrace,2026-04-22 16:10:00+00:00,2026-04-22 16:11:00+00:00,2026-04-22,1,LONG,500,60,15,-1,-70,66533,core_plus_retrace_spread_23
ict_reversal_core,2026-04-22 16:30:00+00:00,2026-04-22 16:31:00+00:00,2026-04-22,-1,SHORT,450,80,15,-1,-90,66554,core_plus_retrace_spread_23
displacement_retrace,2026-04-22 16:36:00+00:00,2026-04-22 16:37:00+00:00,2026-04-22,-1,SHORT,500,60,15,-1,-70,66554,core_plus_retrace_spread_23
ict_reversal_core,2026-04-24 13:24:00+00:00,2026-04-24 13:29:00+00:00,2026-04-24,1,LONG,450,80,15,-1,-90,69124,core_plus_retrace_spread_23
displacement_retrace,2026-04-24 13:29:00+00:00,2026-04-24 13:30:00+00:00,2026-04-24,1,LONG,500,60,15,-1,-70,69124,core_plus_retrace_spread_23
ict_reversal_core,2026-04-24 14:08:00+00:00,2026-04-24 14:09:00+00:00,2026-04-24,-1,SHORT,450,80,15,-1,-90,69168,core_plus_retrace_spread_23
displacement_retrace,2026-04-24 14:09:00+00:00,2026-04-24 14:11:00+00:00,2026-04-24,-1,SHORT,500,60,15,-1,-70,69168,core_plus_retrace_spread_23
ict_reversal_core,2026-04-28 13:00:00+00:00,2026-04-28 13:03:00+00:00,2026-04-28,1,LONG,450,80,15,-1,-90,71855,core_plus_retrace_spread_23
displacement_retrace,2026-04-28 13:04:00+00:00,2026-04-28 13:05:00+00:00,2026-04-28,1,LONG,500,60,15,-1,-70,71855,core_plus_retrace_spread_23
ict_reversal_core,2026-05-01 14:02:00+00:00,2026-05-01 14:05:00+00:00,2026-05-01,1,LONG,450,80,15,-1,-90,76051,core_plus_retrace_spread_23
displacement_retrace,2026-05-01 14:05:00+00:00,2026-05-01 14:10:00+00:00,2026-05-01,1,LONG,500,60,15,-1,-70,76051,core_plus_retrace_spread_23
ict_reversal_core,2026-05-01 16:17:00+00:00,2026-05-01 16:18:00+00:00,2026-05-01,1,LONG,450,80,15,-1,-90,76186,core_plus_retrace_spread_23
displacement_retrace,2026-05-01 16:19:00+00:00,2026-05-01 16:27:00+00:00,2026-05-01,1,LONG,500,60,15,-1,-70,76186,core_plus_retrace_spread_23
ict_reversal_core,2026-05-05 15:30:00+00:00,2026-05-05 15:34:00+00:00,2026-05-05,-1,SHORT,450,80,15,-1,-90,78894,core_plus_retrace_spread_23
ict_reversal_core,2026-05-06 14:31:00+00:00,2026-05-06 14:34:00+00:00,2026-05-06,1,LONG,450,80,15,1,440,80213,core_plus_retrace_spread_23
displacement_retrace,2026-05-06 14:41:00+00:00,2026-05-06 14:42:00+00:00,2026-05-06,1,LONG,500,60,15,-1,-70,80213,core_plus_retrace_spread_23
ict_reversal_core,2026-05-07 15:50:00+00:00,2026-05-07 15:51:00+00:00,2026-05-07,-1,SHORT,450,80,15,-1,-90,81670,core_plus_retrace_spread_23
displacement_retrace,2026-05-07 15:52:00+00:00,2026-05-07 15:57:00+00:00,2026-05-07,-1,SHORT,500,60,15,1,490,81670,core_plus_retrace_spread_23
ict_reversal_core,2026-05-07 16:46:00+00:00,2026-05-07 16:47:00+00:00,2026-05-07,1,LONG,450,80,15,-1,-90,81726,core_plus_retrace_spread_23
displacement_retrace,2026-05-07 16:47:00+00:00,2026-05-07 16:48:00+00:00,2026-05-07,1,LONG,500,60,15,-1,-70,81726,core_plus_retrace_spread_23
ict_reversal_core,2026-05-08 15:44:00+00:00,2026-05-08 15:45:00+00:00,2026-05-08,-1,SHORT,450,80,15,-1,-90,83042,core_plus_retrace_spread_23
displacement_retrace,2026-05-08 15:47:00+00:00,2026-05-08 15:50:00+00:00,2026-05-08,-1,SHORT,500,60,15,1,490,83042,core_plus_retrace_spread_23
ict_reversal_core,2026-05-14 13:10:00+00:00,2026-05-14 13:11:00+00:00,2026-05-14,1,LONG,450,80,15,1,440,88399,core_plus_retrace_spread_23
displacement_retrace,2026-05-14 13:12:00+00:00,2026-05-14 13:13:00+00:00,2026-05-14,1,LONG,500,60,15,-1,-70,88399,core_plus_retrace_spread_23
ict_reversal_core,2026-05-14 14:49:00+00:00,2026-05-14 14:50:00+00:00,2026-05-14,-1,SHORT,450,80,15,-1,-90,88498,core_plus_retrace_spread_23
displacement_retrace,2026-05-14 14:51:00+00:00,2026-05-14 14:52:00+00:00,2026-05-14,-1,SHORT,500,60,15,-1,-70,88498,core_plus_retrace_spread_23
ict_reversal_core,2026-05-15 13:44:00+00:00,2026-05-15 13:45:00+00:00,2026-05-15,1,LONG,450,80,15,-1,-90,89811,core_plus_retrace_spread_23
ict_reversal_core,2026-05-15 15:15:00+00:00,2026-05-15 15:16:00+00:00,2026-05-15,1,LONG,450,80,15,-1,-90,89902,core_plus_retrace_spread_23
displacement_retrace,2026-05-15 15:17:00+00:00,2026-05-15 15:18:00+00:00,2026-05-15,1,LONG,500,60,15,-1,-70,89902,core_plus_retrace_spread_23
ict_reversal_core,2026-05-18 16:43:00+00:00,2026-05-18 16:44:00+00:00,2026-05-18,1,LONG,450,80,15,-1,-90,91367,core_plus_retrace_spread_23
displacement_retrace,2026-05-18 16:44:00+00:00,2026-05-18 16:45:00+00:00,2026-05-18,1,LONG,500,60,15,-1,-70,91367,core_plus_retrace_spread_23
ict_reversal_core,2026-05-19 13:38:00+00:00,2026-05-19 13:39:00+00:00,2026-05-19,-1,SHORT,450,80,15,-1,-90,92560,core_plus_retrace_spread_23
displacement_retrace,2026-05-19 13:39:00+00:00,2026-05-19 13:40:00+00:00,2026-05-19,-1,SHORT,500,60,15,-1,-70,92560,core_plus_retrace_spread_23
ict_reversal_core,2026-05-19 15:01:00+00:00,2026-05-19 15:05:00+00:00,2026-05-19,1,LONG,450,80,15,1,440,92643,core_plus_retrace_spread_23
ict_reversal_core,2026-05-20 16:00:00+00:00,2026-05-20 16:01:00+00:00,2026-05-20,1,LONG,450,80,15,-1,-90,94080,core_plus_retrace_spread_23
displacement_retrace,2026-05-20 16:01:00+00:00,2026-05-20 16:02:00+00:00,2026-05-20,1,LONG,500,60,15,-1,-70,94080,core_plus_retrace_spread_23
ict_reversal_core,2026-05-20 17:17:00+00:00,2026-05-20 17:18:00+00:00,2026-05-20,-1,SHORT,450,80,15,-1,-90,94157,core_plus_retrace_spread_23
displacement_retrace,2026-05-20 17:18:00+00:00,2026-05-20 17:19:00+00:00,2026-05-20,-1,SHORT,500,60,15,-1,-70,94157,core_plus_retrace_spread_23
ict_reversal_core,2026-05-21 13:27:00+00:00,2026-05-21 13:28:00+00:00,2026-05-21,1,LONG,450,80,15,-1,-90,95305,core_plus_retrace_spread_23
displacement_retrace,2026-05-21 13:28:00+00:00,2026-05-21 13:29:00+00:00,2026-05-21,1,LONG,500,60,15,-1,-70,95305,core_plus_retrace_spread_23
ict_reversal_core,2026-05-22 16:00:00+00:00,2026-05-22 16:01:00+00:00,2026-05-22,-1,SHORT,450,80,15,-1,-90,96836,core_plus_retrace_spread_23
displacement_retrace,2026-05-22 16:01:00+00:00,2026-05-22 16:02:00+00:00,2026-05-22,-1,SHORT,500,60,15,1,490,96836,core_plus_retrace_spread_23
ict_reversal_core,2026-02-12 15:57:00+00:00,2026-02-12 16:00:00+00:00,2026-02-12,-1,SHORT,450,80,15,1,440,555,core_plus_retrace_spread_25
ict_reversal_core,2026-02-16 15:48:00+00:00,2026-02-16 15:51:00+00:00,2026-02-16,1,LONG,450,80,15,1,440,3301,core_plus_retrace_spread_25
ict_reversal_core,2026-02-16 16:17:00+00:00,2026-02-16 16:20:00+00:00,2026-02-16,-1,SHORT,450,80,15,1,440,3330,core_plus_retrace_spread_25
ict_reversal_core,2026-02-17 15:20:00+00:00,2026-02-17 15:21:00+00:00,2026-02-17,1,LONG,450,80,15,-1,-90,4503,core_plus_retrace_spread_25
ict_reversal_core,2026-02-17 18:31:00+00:00,2026-02-17 18:32:00+00:00,2026-02-17,1,LONG,450,80,15,-1,-90,4694,core_plus_retrace_spread_25
displacement_retrace,2026-02-17 18:33:00+00:00,2026-02-17 18:34:00+00:00,2026-02-17,1,LONG,500,60,15,-1,-70,4694,core_plus_retrace_spread_25
ict_reversal_core,2026-02-18 14:13:00+00:00,2026-02-18 14:14:00+00:00,2026-02-18,-1,SHORT,450,80,15,-1,-90,5814,core_plus_retrace_spread_25
displacement_retrace,2026-02-18 14:15:00+00:00,2026-02-18 14:16:00+00:00,2026-02-18,-1,SHORT,500,60,15,-1,-70,5814,core_plus_retrace_spread_25
ict_reversal_core,2026-02-19 14:32:00+00:00,2026-02-19 14:36:00+00:00,2026-02-19,-1,SHORT,450,80,15,1,440,7211,core_plus_retrace_spread_25
ict_reversal_core,2026-02-19 18:58:00+00:00,2026-02-19 18:59:00+00:00,2026-02-19,1,LONG,450,80,15,-1,-90,7477,core_plus_retrace_spread_25
displacement_retrace,2026-02-19 19:01:00+00:00,2026-02-19 19:02:00+00:00,2026-02-19,1,LONG,500,60,15,-1,-70,7477,core_plus_retrace_spread_25
ict_reversal_core,2026-02-20 16:30:00+00:00,2026-02-20 16:31:00+00:00,2026-02-20,1,LONG,450,80,15,-1,-90,8707,core_plus_retrace_spread_25
displacement_retrace,2026-02-20 16:37:00+00:00,2026-02-20 16:38:00+00:00,2026-02-20,1,LONG,500,60,15,1,490,8707,core_plus_retrace_spread_25
ict_reversal_core,2026-02-23 14:29:00+00:00,2026-02-23 14:38:00+00:00,2026-02-23,1,LONG,450,80,15,1,440,9963,core_plus_retrace_spread_25
ict_reversal_core,2026-02-24 16:31:00+00:00,2026-02-24 16:32:00+00:00,2026-02-24,-1,SHORT,450,80,15,-1,-90,11463,core_plus_retrace_spread_25
displacement_retrace,2026-02-24 16:32:00+00:00,2026-02-24 16:33:00+00:00,2026-02-24,-1,SHORT,500,60,15,-1,-70,11463,core_plus_retrace_spread_25
ict_reversal_core,2026-02-26 16:01:00+00:00,2026-02-26 16:02:00+00:00,2026-02-26,1,LONG,450,80,15,-1,-90,14189,core_plus_retrace_spread_25
displacement_retrace,2026-02-26 16:03:00+00:00,2026-02-26 16:04:00+00:00,2026-02-26,1,LONG,500,60,15,-1,-70,14189,core_plus_retrace_spread_25
ict_reversal_core,2026-02-26 16:31:00+00:00,2026-02-26 16:32:00+00:00,2026-02-26,1,LONG,450,80,15,-1,-90,14219,core_plus_retrace_spread_25
displacement_retrace,2026-02-26 16:32:00+00:00,2026-02-26 16:34:00+00:00,2026-02-26,1,LONG,500,60,15,1,490,14219,core_plus_retrace_spread_25
ict_reversal_core,2026-03-02 17:47:00+00:00,2026-03-02 17:48:00+00:00,2026-03-02,1,LONG,450,80,15,-1,-90,17050,core_plus_retrace_spread_25
displacement_retrace,2026-03-02 17:51:00+00:00,2026-03-02 17:52:00+00:00,2026-03-02,1,LONG,500,60,15,-1,-70,17050,core_plus_retrace_spread_25
ict_reversal_core,2026-03-03 16:25:00+00:00,2026-03-03 16:26:00+00:00,2026-03-03,1,LONG,450,80,15,-1,-90,18328,core_plus_retrace_spread_25
displacement_retrace,2026-03-03 16:26:00+00:00,2026-03-03 16:27:00+00:00,2026-03-03,1,LONG,500,60,15,1,490,18328,core_plus_retrace_spread_25
ict_reversal_core,2026-03-04 14:04:00+00:00,2026-03-04 14:11:00+00:00,2026-03-04,-1,SHORT,450,80,15,1,440,19565,core_plus_retrace_spread_25
ict_reversal_core,2026-03-04 15:01:00+00:00,2026-03-04 15:02:00+00:00,2026-03-04,-1,SHORT,450,80,15,-1,-90,19622,core_plus_retrace_spread_25
displacement_retrace,2026-03-04 15:02:00+00:00,2026-03-04 15:03:00+00:00,2026-03-04,-1,SHORT,500,60,15,-1,-70,19622,core_plus_retrace_spread_25
ict_reversal_core,2026-03-04 15:53:00+00:00,2026-03-04 15:54:00+00:00,2026-03-04,1,LONG,450,80,15,-1,-90,19674,core_plus_retrace_spread_25
displacement_retrace,2026-03-04 15:54:00+00:00,2026-03-04 15:55:00+00:00,2026-03-04,1,LONG,500,60,15,-1,-70,19674,core_plus_retrace_spread_25
ict_reversal_core,2026-03-06 14:34:00+00:00,2026-03-06 14:35:00+00:00,2026-03-06,1,LONG,450,80,15,-1,-90,22351,core_plus_retrace_spread_25
displacement_retrace,2026-03-06 14:36:00+00:00,2026-03-06 14:38:00+00:00,2026-03-06,1,LONG,500,60,15,1,490,22351,core_plus_retrace_spread_25
ict_reversal_core,2026-03-06 15:31:00+00:00,2026-03-06 15:32:00+00:00,2026-03-06,-1,SHORT,450,80,15,-1,-90,22408,core_plus_retrace_spread_25
displacement_retrace,2026-03-06 15:32:00+00:00,2026-03-06 15:33:00+00:00,2026-03-06,-1,SHORT,500,60,15,-1,-70,22408,core_plus_retrace_spread_25
ict_reversal_core,2026-03-06 17:03:00+00:00,2026-03-06 17:04:00+00:00,2026-03-06,-1,SHORT,450,80,15,-1,-90,22500,core_plus_retrace_spread_25
displacement_retrace,2026-03-06 17:05:00+00:00,2026-03-06 17:06:00+00:00,2026-03-06,-1,SHORT,500,60,15,-1,-70,22500,core_plus_retrace_spread_25
ict_reversal_core,2026-03-11 16:52:00+00:00,2026-03-11 16:54:00+00:00,2026-03-11,1,LONG,450,80,15,1,440,26622,core_plus_retrace_spread_25
ict_reversal_core,2026-03-12 14:45:00+00:00,2026-03-12 14:46:00+00:00,2026-03-12,-1,SHORT,450,80,15,-1,-90,27873,core_plus_retrace_spread_25
displacement_retrace,2026-03-12 14:46:00+00:00,2026-03-12 14:47:00+00:00,2026-03-12,-1,SHORT,500,60,15,-1,-70,27873,core_plus_retrace_spread_25
ict_reversal_core,2026-03-18 14:30:00+00:00,2026-03-18 14:32:00+00:00,2026-03-18,1,LONG,450,80,15,1,440,33369,core_plus_retrace_spread_25
displacement_retrace,2026-03-18 14:35:00+00:00,2026-03-18 14:36:00+00:00,2026-03-18,1,LONG,500,60,15,-1,-70,33369,core_plus_retrace_spread_25
ict_reversal_core,2026-03-18 18:01:00+00:00,2026-03-18 18:02:00+00:00,2026-03-18,-1,SHORT,450,80,15,-1,-90,33580,core_plus_retrace_spread_25
displacement_retrace,2026-03-18 18:05:00+00:00,2026-03-18 18:06:00+00:00,2026-03-18,-1,SHORT,500,60,15,-1,-70,33580,core_plus_retrace_spread_25
ict_reversal_core,2026-03-20 17:19:00+00:00,2026-03-20 17:20:00+00:00,2026-03-20,1,LONG,450,80,15,-1,-90,36294,core_plus_retrace_spread_25
displacement_retrace,2026-03-20 17:20:00+00:00,2026-03-20 17:21:00+00:00,2026-03-20,1,LONG,500,60,15,-1,-70,36294,core_plus_retrace_spread_25
ict_reversal_core,2026-03-24 14:01:00+00:00,2026-03-24 14:02:00+00:00,2026-03-24,-1,SHORT,450,80,15,-1,-90,38851,core_plus_retrace_spread_25
displacement_retrace,2026-03-24 14:08:00+00:00,2026-03-24 14:09:00+00:00,2026-03-24,-1,SHORT,500,60,15,1,490,38851,core_plus_retrace_spread_25
ict_reversal_core,2026-03-25 18:18:00+00:00,2026-03-25 18:19:00+00:00,2026-03-25,1,LONG,450,80,15,-1,-90,40486,core_plus_retrace_spread_25
ict_reversal_core,2026-03-26 14:01:00+00:00,2026-03-26 14:02:00+00:00,2026-03-26,-1,SHORT,450,80,15,-1,-90,41607,core_plus_retrace_spread_25
displacement_retrace,2026-03-26 14:03:00+00:00,2026-03-26 14:04:00+00:00,2026-03-26,-1,SHORT,500,60,15,-1,-70,41607,core_plus_retrace_spread_25
ict_reversal_core,2026-03-30 16:07:00+00:00,2026-03-30 16:08:00+00:00,2026-03-30,1,LONG,450,80,15,-1,-90,44488,core_plus_retrace_spread_25
displacement_retrace,2026-03-30 16:08:00+00:00,2026-03-30 16:09:00+00:00,2026-03-30,1,LONG,500,60,15,-1,-70,44488,core_plus_retrace_spread_25
ict_reversal_core,2026-03-30 16:23:00+00:00,2026-03-30 16:24:00+00:00,2026-03-30,1,LONG,450,80,15,-1,-90,44504,core_plus_retrace_spread_25
ict_reversal_core,2026-03-31 17:03:00+00:00,2026-03-31 17:04:00+00:00,2026-03-31,-1,SHORT,450,80,15,-1,-90,45922,core_plus_retrace_spread_25
displacement_retrace,2026-03-31 17:04:00+00:00,2026-03-31 17:05:00+00:00,2026-03-31,-1,SHORT,500,60,15,1,490,45922,core_plus_retrace_spread_25
ict_reversal_core,2026-04-07 16:30:00+00:00,2026-04-07 16:31:00+00:00,2026-04-07,-1,SHORT,450,80,15,1,440,51398,core_plus_retrace_spread_25
ict_reversal_core,2026-04-14 14:57:00+00:00,2026-04-14 14:58:00+00:00,2026-04-14,1,LONG,450,80,15,1,440,58194,core_plus_retrace_spread_25
displacement_retrace,2026-04-14 14:59:00+00:00,2026-04-14 15:10:00+00:00,2026-04-14,1,LONG,500,60,15,-1,-70,58194,core_plus_retrace_spread_25
ict_reversal_core,2026-04-16 13:01:00+00:00,2026-04-16 13:02:00+00:00,2026-04-16,-1,SHORT,450,80,15,-1,-90,60834,core_plus_retrace_spread_25
displacement_retrace,2026-04-16 13:02:00+00:00,2026-04-16 13:03:00+00:00,2026-04-16,-1,SHORT,500,60,15,-1,-70,60834,core_plus_retrace_spread_25
ict_reversal_core,2026-04-17 13:12:00+00:00,2026-04-17 13:13:00+00:00,2026-04-17,1,LONG,450,80,15,-1,-90,62223,core_plus_retrace_spread_25
displacement_retrace,2026-04-17 13:13:00+00:00,2026-04-17 13:17:00+00:00,2026-04-17,1,LONG,500,60,15,1,490,62223,core_plus_retrace_spread_25
ict_reversal_core,2026-04-17 15:26:00+00:00,2026-04-17 15:27:00+00:00,2026-04-17,-1,SHORT,450,80,15,-1,-90,62357,core_plus_retrace_spread_25
displacement_retrace,2026-04-17 15:27:00+00:00,2026-04-17 15:28:00+00:00,2026-04-17,-1,SHORT,500,60,15,-1,-70,62357,core_plus_retrace_spread_25
ict_reversal_core,2026-04-22 15:29:00+00:00,2026-04-22 15:33:00+00:00,2026-04-22,-1,SHORT,450,80,15,-1,-90,66493,core_plus_retrace_spread_25
ict_reversal_core,2026-04-22 16:09:00+00:00,2026-04-22 16:10:00+00:00,2026-04-22,1,LONG,450,80,15,-1,-90,66533,core_plus_retrace_spread_25
displacement_retrace,2026-04-22 16:10:00+00:00,2026-04-22 16:11:00+00:00,2026-04-22,1,LONG,500,60,15,-1,-70,66533,core_plus_retrace_spread_25
ict_reversal_core,2026-04-22 16:30:00+00:00,2026-04-22 16:31:00+00:00,2026-04-22,-1,SHORT,450,80,15,-1,-90,66554,core_plus_retrace_spread_25
displacement_retrace,2026-04-22 16:36:00+00:00,2026-04-22 16:37:00+00:00,2026-04-22,-1,SHORT,500,60,15,-1,-70,66554,core_plus_retrace_spread_25
ict_reversal_core,2026-04-24 13:24:00+00:00,2026-04-24 13:29:00+00:00,2026-04-24,1,LONG,450,80,15,-1,-90,69124,core_plus_retrace_spread_25
displacement_retrace,2026-04-24 13:29:00+00:00,2026-04-24 13:30:00+00:00,2026-04-24,1,LONG,500,60,15,-1,-70,69124,core_plus_retrace_spread_25
ict_reversal_core,2026-04-24 14:08:00+00:00,2026-04-24 14:09:00+00:00,2026-04-24,-1,SHORT,450,80,15,-1,-90,69168,core_plus_retrace_spread_25
displacement_retrace,2026-04-24 14:09:00+00:00,2026-04-24 14:11:00+00:00,2026-04-24,-1,SHORT,500,60,15,-1,-70,69168,core_plus_retrace_spread_25
ict_reversal_core,2026-04-28 13:00:00+00:00,2026-04-28 13:03:00+00:00,2026-04-28,1,LONG,450,80,15,-1,-90,71855,core_plus_retrace_spread_25
displacement_retrace,2026-04-28 13:04:00+00:00,2026-04-28 13:05:00+00:00,2026-04-28,1,LONG,500,60,15,-1,-70,71855,core_plus_retrace_spread_25
ict_reversal_core,2026-05-01 14:02:00+00:00,2026-05-01 14:05:00+00:00,2026-05-01,1,LONG,450,80,15,-1,-90,76051,core_plus_retrace_spread_25
displacement_retrace,2026-05-01 14:05:00+00:00,2026-05-01 14:10:00+00:00,2026-05-01,1,LONG,500,60,15,-1,-70,76051,core_plus_retrace_spread_25
ict_reversal_core,2026-05-01 16:17:00+00:00,2026-05-01 16:18:00+00:00,2026-05-01,1,LONG,450,80,15,-1,-90,76186,core_plus_retrace_spread_25
displacement_retrace,2026-05-01 16:19:00+00:00,2026-05-01 16:27:00+00:00,2026-05-01,1,LONG,500,60,15,-1,-70,76186,core_plus_retrace_spread_25
ict_reversal_core,2026-05-05 15:30:00+00:00,2026-05-05 15:34:00+00:00,2026-05-05,-1,SHORT,450,80,15,-1,-90,78894,core_plus_retrace_spread_25
ict_reversal_core,2026-05-06 14:31:00+00:00,2026-05-06 14:34:00+00:00,2026-05-06,1,LONG,450,80,15,1,440,80213,core_plus_retrace_spread_25
displacement_retrace,2026-05-06 14:41:00+00:00,2026-05-06 14:42:00+00:00,2026-05-06,1,LONG,500,60,15,-1,-70,80213,core_plus_retrace_spread_25
ict_reversal_core,2026-05-07 15:50:00+00:00,2026-05-07 15:51:00+00:00,2026-05-07,-1,SHORT,450,80,15,-1,-90,81670,core_plus_retrace_spread_25
displacement_retrace,2026-05-07 15:52:00+00:00,2026-05-07 15:57:00+00:00,2026-05-07,-1,SHORT,500,60,15,1,490,81670,core_plus_retrace_spread_25
ict_reversal_core,2026-05-07 16:46:00+00:00,2026-05-07 16:47:00+00:00,2026-05-07,1,LONG,450,80,15,-1,-90,81726,core_plus_retrace_spread_25
displacement_retrace,2026-05-07 16:47:00+00:00,2026-05-07 16:48:00+00:00,2026-05-07,1,LONG,500,60,15,-1,-70,81726,core_plus_retrace_spread_25
ict_reversal_core,2026-05-08 15:44:00+00:00,2026-05-08 15:45:00+00:00,2026-05-08,-1,SHORT,450,80,15,-1,-90,83042,core_plus_retrace_spread_25
displacement_retrace,2026-05-08 15:47:00+00:00,2026-05-08 15:50:00+00:00,2026-05-08,-1,SHORT,500,60,15,1,490,83042,core_plus_retrace_spread_25
ict_reversal_core,2026-05-14 13:10:00+00:00,2026-05-14 13:11:00+00:00,2026-05-14,1,LONG,450,80,15,1,440,88399,core_plus_retrace_spread_25
displacement_retrace,2026-05-14 13:12:00+00:00,2026-05-14 13:13:00+00:00,2026-05-14,1,LONG,500,60,15,-1,-70,88399,core_plus_retrace_spread_25
ict_reversal_core,2026-05-14 14:49:00+00:00,2026-05-14 14:50:00+00:00,2026-05-14,-1,SHORT,450,80,15,-1,-90,88498,core_plus_retrace_spread_25
displacement_retrace,2026-05-14 14:51:00+00:00,2026-05-14 14:52:00+00:00,2026-05-14,-1,SHORT,500,60,15,-1,-70,88498,core_plus_retrace_spread_25
ict_reversal_core,2026-05-15 13:44:00+00:00,2026-05-15 13:45:00+00:00,2026-05-15,1,LONG,450,80,15,-1,-90,89811,core_plus_retrace_spread_25
ict_reversal_core,2026-05-15 15:15:00+00:00,2026-05-15 15:16:00+00:00,2026-05-15,1,LONG,450,80,15,-1,-90,89902,core_plus_retrace_spread_25
displacement_retrace,2026-05-15 15:17:00+00:00,2026-05-15 15:18:00+00:00,2026-05-15,1,LONG,500,60,15,-1,-70,89902,core_plus_retrace_spread_25
ict_reversal_core,2026-05-18 16:43:00+00:00,2026-05-18 16:44:00+00:00,2026-05-18,1,LONG,450,80,15,-1,-90,91367,core_plus_retrace_spread_25
displacement_retrace,2026-05-18 16:44:00+00:00,2026-05-18 16:45:00+00:00,2026-05-18,1,LONG,500,60,15,-1,-70,91367,core_plus_retrace_spread_25
ict_reversal_core,2026-05-19 13:38:00+00:00,2026-05-19 13:39:00+00:00,2026-05-19,-1,SHORT,450,80,15,-1,-90,92560,core_plus_retrace_spread_25
displacement_retrace,2026-05-19 13:39:00+00:00,2026-05-19 13:40:00+00:00,2026-05-19,-1,SHORT,500,60,15,-1,-70,92560,core_plus_retrace_spread_25
ict_reversal_core,2026-05-19 15:01:00+00:00,2026-05-19 15:05:00+00:00,2026-05-19,1,LONG,450,80,15,1,440,92643,core_plus_retrace_spread_25
ict_reversal_core,2026-05-20 16:00:00+00:00,2026-05-20 16:01:00+00:00,2026-05-20,1,LONG,450,80,15,-1,-90,94080,core_plus_retrace_spread_25
displacement_retrace,2026-05-20 16:01:00+00:00,2026-05-20 16:02:00+00:00,2026-05-20,1,LONG,500,60,15,-1,-70,94080,core_plus_retrace_spread_25
ict_reversal_core,2026-05-20 17:17:00+00:00,2026-05-20 17:18:00+00:00,2026-05-20,-1,SHORT,450,80,15,-1,-90,94157,core_plus_retrace_spread_25
displacement_retrace,2026-05-20 17:18:00+00:00,2026-05-20 17:19:00+00:00,2026-05-20,-1,SHORT,500,60,15,-1,-70,94157,core_plus_retrace_spread_25
ict_reversal_core,2026-05-21 13:27:00+00:00,2026-05-21 13:28:00+00:00,2026-05-21,1,LONG,450,80,15,-1,-90,95305,core_plus_retrace_spread_25
displacement_retrace,2026-05-21 13:28:00+00:00,2026-05-21 13:29:00+00:00,2026-05-21,1,LONG,500,60,15,-1,-70,95305,core_plus_retrace_spread_25
ict_reversal_core,2026-05-22 16:00:00+00:00,2026-05-22 16:01:00+00:00,2026-05-22,-1,SHORT,450,80,15,-1,-90,96836,core_plus_retrace_spread_25
displacement_retrace,2026-05-22 16:01:00+00:00,2026-05-22 16:02:00+00:00,2026-05-22,-1,SHORT,500,60,15,1,490,96836,core_plus_retrace_spread_25
rsi_sweep_london,2026-02-12 08:31:00+00:00,2026-02-12 08:32:00+00:00,2026-02-12,1,LONG,400,60,15,-1,-70,109,core_plus_rsi_london_spread_20
rsi_sweep_london,2026-02-12 08:34:00+00:00,2026-02-12 08:35:00+00:00,2026-02-12,1,LONG,400,60,15,-1,-70,112,core_plus_rsi_london_spread_20
rsi_sweep_london,2026-02-12 08:35:00+00:00,2026-02-12 08:36:00+00:00,2026-02-12,1,LONG,400,60,15,-1,-70,113,core_plus_rsi_london_spread_20
rsi_sweep_london,2026-02-12 10:07:00+00:00,2026-02-12 10:08:00+00:00,2026-02-12,-1,SHORT,400,60,15,-1,-70,205,core_plus_rsi_london_spread_20
rsi_sweep_london,2026-02-12 10:10:00+00:00,2026-02-12 10:13:00+00:00,2026-02-12,-1,SHORT,400,60,15,1,390,208,core_plus_rsi_london_spread_20
ict_reversal_core,2026-02-12 15:57:00+00:00,2026-02-12 16:00:00+00:00,2026-02-12,-1,SHORT,450,80,15,1,440,555,core_plus_rsi_london_spread_20
rsi_sweep_london,2026-02-16 09:41:00+00:00,2026-02-16 09:42:00+00:00,2026-02-16,-1,SHORT,400,60,15,-1,-70,2934,core_plus_rsi_london_spread_20
ict_reversal_core,2026-02-16 15:48:00+00:00,2026-02-16 15:51:00+00:00,2026-02-16,1,LONG,450,80,15,1,440,3301,core_plus_rsi_london_spread_20
ict_reversal_core,2026-02-16 16:17:00+00:00,2026-02-16 16:20:00+00:00,2026-02-16,-1,SHORT,450,80,15,1,440,3330,core_plus_rsi_london_spread_20
rsi_sweep_london,2026-02-17 08:39:00+00:00,2026-02-17 08:40:00+00:00,2026-02-17,-1,SHORT,400,60,15,-1,-70,4102,core_plus_rsi_london_spread_20
rsi_sweep_london,2026-02-17 08:41:00+00:00,2026-02-17 08:47:00+00:00,2026-02-17,-1,SHORT,400,60,15,1,390,4104,core_plus_rsi_london_spread_20
ict_reversal_core,2026-02-17 15:20:00+00:00,2026-02-17 15:21:00+00:00,2026-02-17,1,LONG,450,80,15,-1,-90,4503,core_plus_rsi_london_spread_20
ict_reversal_core,2026-02-17 18:31:00+00:00,2026-02-17 18:32:00+00:00,2026-02-17,1,LONG,450,80,15,-1,-90,4694,core_plus_rsi_london_spread_20
rsi_sweep_london,2026-02-18 08:13:00+00:00,2026-02-18 08:17:00+00:00,2026-02-18,1,LONG,400,60,15,-1,-70,5454,core_plus_rsi_london_spread_20
rsi_sweep_london,2026-02-18 09:54:00+00:00,2026-02-18 09:58:00+00:00,2026-02-18,1,LONG,400,60,15,-1,-70,5555,core_plus_rsi_london_spread_20
rsi_sweep_london,2026-02-18 10:46:00+00:00,2026-02-18 10:50:00+00:00,2026-02-18,1,LONG,400,60,15,-1,-70,5607,core_plus_rsi_london_spread_20
ict_reversal_core,2026-02-18 14:13:00+00:00,2026-02-18 14:14:00+00:00,2026-02-18,-1,SHORT,450,80,15,-1,-90,5814,core_plus_rsi_london_spread_20
rsi_sweep_london,2026-02-19 08:36:00+00:00,2026-02-19 08:38:00+00:00,2026-02-19,-1,SHORT,400,60,15,-1,-70,6855,core_plus_rsi_london_spread_20
rsi_sweep_london,2026-02-19 08:37:00+00:00,2026-02-19 08:41:00+00:00,2026-02-19,-1,SHORT,400,60,15,-1,-70,6856,core_plus_rsi_london_spread_20
rsi_sweep_london,2026-02-19 08:38:00+00:00,2026-02-19 08:41:00+00:00,2026-02-19,-1,SHORT,400,60,15,-1,-70,6857,core_plus_rsi_london_spread_20
rsi_sweep_london,2026-02-19 08:49:00+00:00,2026-02-19 08:50:00+00:00,2026-02-19,-1,SHORT,400,60,15,-1,-70,6868,core_plus_rsi_london_spread_20
rsi_sweep_london,2026-02-19 08:51:00+00:00,2026-02-19 08:52:00+00:00,2026-02-19,-1,SHORT,400,60,15,-1,-70,6870,core_plus_rsi_london_spread_20
rsi_sweep_london,2026-02-19 08:52:00+00:00,2026-02-19 08:53:00+00:00,2026-02-19,-1,SHORT,400,60,15,-1,-70,6871,core_plus_rsi_london_spread_20
rsi_sweep_london,2026-02-19 08:55:00+00:00,2026-02-19 08:59:00+00:00,2026-02-19,-1,SHORT,400,60,15,-1,-70,6874,core_plus_rsi_london_spread_20
rsi_sweep_london,2026-02-19 08:59:00+00:00,2026-02-19 09:05:00+00:00,2026-02-19,-1,SHORT,400,60,15,-1,-70,6878,core_plus_rsi_london_spread_20
rsi_sweep_london,2026-02-19 09:03:00+00:00,2026-02-19 09:05:00+00:00,2026-02-19,-1,SHORT,400,60,15,-1,-70,6882,core_plus_rsi_london_spread_20
ict_reversal_core,2026-02-19 14:32:00+00:00,2026-02-19 14:36:00+00:00,2026-02-19,-1,SHORT,450,80,15,1,440,7211,core_plus_rsi_london_spread_20
ict_reversal_core,2026-02-19 18:58:00+00:00,2026-02-19 18:59:00+00:00,2026-02-19,1,LONG,450,80,15,-1,-90,7477,core_plus_rsi_london_spread_20
rsi_sweep_london,2026-02-20 08:02:00+00:00,2026-02-20 08:10:00+00:00,2026-02-20,-1,SHORT,400,60,15,-1,-70,8199,core_plus_rsi_london_spread_20
rsi_sweep_london,2026-02-20 09:25:00+00:00,2026-02-20 09:26:00+00:00,2026-02-20,1,LONG,400,60,15,-1,-70,8282,core_plus_rsi_london_spread_20
rsi_sweep_london,2026-02-20 09:27:00+00:00,2026-02-20 09:38:00+00:00,2026-02-20,1,LONG,400,60,15,1,390,8284,core_plus_rsi_london_spread_20
ict_reversal_core,2026-02-20 16:30:00+00:00,2026-02-20 16:31:00+00:00,2026-02-20,1,LONG,450,80,15,-1,-90,8707,core_plus_rsi_london_spread_20
rsi_sweep_london,2026-02-23 09:04:00+00:00,2026-02-23 09:05:00+00:00,2026-02-23,1,LONG,400,60,15,-1,-70,9638,core_plus_rsi_london_spread_20
rsi_sweep_london,2026-02-23 09:05:00+00:00,2026-02-23 09:06:00+00:00,2026-02-23,1,LONG,400,60,15,1,390,9639,core_plus_rsi_london_spread_20
rsi_sweep_london,2026-02-23 10:31:00+00:00,2026-02-23 10:32:00+00:00,2026-02-23,1,LONG,400,60,15,1,390,9725,core_plus_rsi_london_spread_20
ict_reversal_core,2026-02-23 14:29:00+00:00,2026-02-23 14:38:00+00:00,2026-02-23,1,LONG,450,80,15,1,440,9963,core_plus_rsi_london_spread_20
rsi_sweep_london,2026-02-24 08:36:00+00:00,2026-02-24 08:37:00+00:00,2026-02-24,1,LONG,400,60,15,1,390,10988,core_plus_rsi_london_spread_20
ict_reversal_core,2026-02-24 16:31:00+00:00,2026-02-24 16:32:00+00:00,2026-02-24,-1,SHORT,450,80,15,-1,-90,11463,core_plus_rsi_london_spread_20
ict_reversal_core,2026-02-26 16:01:00+00:00,2026-02-26 16:02:00+00:00,2026-02-26,1,LONG,450,80,15,-1,-90,14189,core_plus_rsi_london_spread_20
ict_reversal_core,2026-02-26 16:31:00+00:00,2026-02-26 16:32:00+00:00,2026-02-26,1,LONG,450,80,15,-1,-90,14219,core_plus_rsi_london_spread_20
rsi_sweep_london,2026-02-27 09:00:00+00:00,2026-02-27 09:01:00+00:00,2026-02-27,1,LONG,400,60,15,-1,-70,15146,core_plus_rsi_london_spread_20
rsi_sweep_london,2026-03-02 08:10:00+00:00,2026-03-02 08:11:00+00:00,2026-03-02,-1,SHORT,400,60,15,-1,-70,16473,core_plus_rsi_london_spread_20
rsi_sweep_london,2026-03-02 09:14:00+00:00,2026-03-02 09:15:00+00:00,2026-03-02,-1,SHORT,400,60,15,-1,-70,16537,core_plus_rsi_london_spread_20
rsi_sweep_london,2026-03-02 09:20:00+00:00,2026-03-02 09:21:00+00:00,2026-03-02,-1,SHORT,400,60,15,-1,-70,16543,core_plus_rsi_london_spread_20
ict_reversal_core,2026-03-02 17:47:00+00:00,2026-03-02 17:48:00+00:00,2026-03-02,1,LONG,450,80,15,-1,-90,17050,core_plus_rsi_london_spread_20
rsi_sweep_london,2026-03-03 10:33:00+00:00,2026-03-03 10:34:00+00:00,2026-03-03,1,LONG,400,60,15,-1,-70,17976,core_plus_rsi_london_spread_20
rsi_sweep_london,2026-03-05 08:00:00+00:00,2026-03-05 08:01:00+00:00,2026-03-05,1,LONG,400,60,15,-1,-70,20579,core_plus_rsi_london_spread_20
rsi_sweep_london,2026-03-05 08:01:00+00:00,2026-03-05 08:02:00+00:00,2026-03-05,1,LONG,400,60,15,1,390,20580,core_plus_rsi_london_spread_20
rsi_sweep_london,2026-03-05 08:07:00+00:00,2026-03-05 08:08:00+00:00,2026-03-05,1,LONG,400,60,15,-1,-70,20586,core_plus_rsi_london_spread_20
rsi_sweep_london,2026-03-05 10:10:00+00:00,2026-03-05 10:12:00+00:00,2026-03-05,1,LONG,400,60,15,-1,-70,20709,core_plus_rsi_london_spread_20
rsi_sweep_london,2026-03-05 10:15:00+00:00,2026-03-05 10:17:00+00:00,2026-03-05,1,LONG,400,60,15,-1,-70,20714,core_plus_rsi_london_spread_20
rsi_sweep_london,2026-03-05 10:47:00+00:00,2026-03-05 10:48:00+00:00,2026-03-05,-1,SHORT,400,60,15,-1,-70,20746,core_plus_rsi_london_spread_20
rsi_sweep_london,2026-03-05 10:49:00+00:00,2026-03-05 10:53:00+00:00,2026-03-05,-1,SHORT,400,60,15,1,390,20748,core_plus_rsi_london_spread_20
ict_reversal_core,2026-03-06 14:34:00+00:00,2026-03-06 14:35:00+00:00,2026-03-06,1,LONG,450,80,15,-1,-90,22351,core_plus_rsi_london_spread_20
ict_reversal_core,2026-03-06 15:31:00+00:00,2026-03-06 15:32:00+00:00,2026-03-06,-1,SHORT,450,80,15,-1,-90,22408,core_plus_rsi_london_spread_20
ict_reversal_core,2026-03-06 17:03:00+00:00,2026-03-06 17:04:00+00:00,2026-03-06,-1,SHORT,450,80,15,-1,-90,22500,core_plus_rsi_london_spread_20
rsi_sweep_london,2026-03-09 09:44:00+00:00,2026-03-09 09:46:00+00:00,2026-03-09,1,LONG,400,60,15,-1,-70,23438,core_plus_rsi_london_spread_20
rsi_sweep_london,2026-03-09 09:54:00+00:00,2026-03-09 09:57:00+00:00,2026-03-09,1,LONG,400,60,15,1,390,23448,core_plus_rsi_london_spread_20
rsi_sweep_london,2026-02-12 08:31:00+00:00,2026-02-12 08:32:00+00:00,2026-02-12,1,LONG,400,60,15,-1,-70,109,core_plus_rsi_london_spread_22
rsi_sweep_london,2026-02-12 08:34:00+00:00,2026-02-12 08:35:00+00:00,2026-02-12,1,LONG,400,60,15,-1,-70,112,core_plus_rsi_london_spread_22
rsi_sweep_london,2026-02-12 08:35:00+00:00,2026-02-12 08:36:00+00:00,2026-02-12,1,LONG,400,60,15,-1,-70,113,core_plus_rsi_london_spread_22
rsi_sweep_london,2026-02-12 10:07:00+00:00,2026-02-12 10:08:00+00:00,2026-02-12,-1,SHORT,400,60,15,-1,-70,205,core_plus_rsi_london_spread_22
rsi_sweep_london,2026-02-12 10:10:00+00:00,2026-02-12 10:13:00+00:00,2026-02-12,-1,SHORT,400,60,15,1,390,208,core_plus_rsi_london_spread_22
ict_reversal_core,2026-02-12 15:57:00+00:00,2026-02-12 16:00:00+00:00,2026-02-12,-1,SHORT,450,80,15,1,440,555,core_plus_rsi_london_spread_22
rsi_sweep_london,2026-02-16 09:41:00+00:00,2026-02-16 09:42:00+00:00,2026-02-16,-1,SHORT,400,60,15,-1,-70,2934,core_plus_rsi_london_spread_22
ict_reversal_core,2026-02-16 15:48:00+00:00,2026-02-16 15:51:00+00:00,2026-02-16,1,LONG,450,80,15,1,440,3301,core_plus_rsi_london_spread_22
ict_reversal_core,2026-02-16 16:17:00+00:00,2026-02-16 16:20:00+00:00,2026-02-16,-1,SHORT,450,80,15,1,440,3330,core_plus_rsi_london_spread_22
rsi_sweep_london,2026-02-17 08:39:00+00:00,2026-02-17 08:40:00+00:00,2026-02-17,-1,SHORT,400,60,15,-1,-70,4102,core_plus_rsi_london_spread_22
rsi_sweep_london,2026-02-17 08:41:00+00:00,2026-02-17 08:47:00+00:00,2026-02-17,-1,SHORT,400,60,15,1,390,4104,core_plus_rsi_london_spread_22
ict_reversal_core,2026-02-17 15:20:00+00:00,2026-02-17 15:21:00+00:00,2026-02-17,1,LONG,450,80,15,-1,-90,4503,core_plus_rsi_london_spread_22
ict_reversal_core,2026-02-17 18:31:00+00:00,2026-02-17 18:32:00+00:00,2026-02-17,1,LONG,450,80,15,-1,-90,4694,core_plus_rsi_london_spread_22
rsi_sweep_london,2026-02-18 08:13:00+00:00,2026-02-18 08:17:00+00:00,2026-02-18,1,LONG,400,60,15,-1,-70,5454,core_plus_rsi_london_spread_22
rsi_sweep_london,2026-02-18 09:54:00+00:00,2026-02-18 09:58:00+00:00,2026-02-18,1,LONG,400,60,15,-1,-70,5555,core_plus_rsi_london_spread_22
rsi_sweep_london,2026-02-18 10:46:00+00:00,2026-02-18 10:50:00+00:00,2026-02-18,1,LONG,400,60,15,-1,-70,5607,core_plus_rsi_london_spread_22
ict_reversal_core,2026-02-18 14:13:00+00:00,2026-02-18 14:14:00+00:00,2026-02-18,-1,SHORT,450,80,15,-1,-90,5814,core_plus_rsi_london_spread_22
rsi_sweep_london,2026-02-19 08:36:00+00:00,2026-02-19 08:38:00+00:00,2026-02-19,-1,SHORT,400,60,15,-1,-70,6855,core_plus_rsi_london_spread_22
rsi_sweep_london,2026-02-19 08:37:00+00:00,2026-02-19 08:41:00+00:00,2026-02-19,-1,SHORT,400,60,15,-1,-70,6856,core_plus_rsi_london_spread_22
rsi_sweep_london,2026-02-19 08:38:00+00:00,2026-02-19 08:41:00+00:00,2026-02-19,-1,SHORT,400,60,15,-1,-70,6857,core_plus_rsi_london_spread_22
rsi_sweep_london,2026-02-19 08:49:00+00:00,2026-02-19 08:50:00+00:00,2026-02-19,-1,SHORT,400,60,15,-1,-70,6868,core_plus_rsi_london_spread_22
rsi_sweep_london,2026-02-19 08:51:00+00:00,2026-02-19 08:52:00+00:00,2026-02-19,-1,SHORT,400,60,15,-1,-70,6870,core_plus_rsi_london_spread_22
rsi_sweep_london,2026-02-19 08:52:00+00:00,2026-02-19 08:53:00+00:00,2026-02-19,-1,SHORT,400,60,15,-1,-70,6871,core_plus_rsi_london_spread_22
rsi_sweep_london,2026-02-19 08:55:00+00:00,2026-02-19 08:59:00+00:00,2026-02-19,-1,SHORT,400,60,15,-1,-70,6874,core_plus_rsi_london_spread_22
rsi_sweep_london,2026-02-19 08:59:00+00:00,2026-02-19 09:05:00+00:00,2026-02-19,-1,SHORT,400,60,15,-1,-70,6878,core_plus_rsi_london_spread_22
rsi_sweep_london,2026-02-19 09:03:00+00:00,2026-02-19 09:05:00+00:00,2026-02-19,-1,SHORT,400,60,15,-1,-70,6882,core_plus_rsi_london_spread_22
ict_reversal_core,2026-02-19 14:32:00+00:00,2026-02-19 14:36:00+00:00,2026-02-19,-1,SHORT,450,80,15,1,440,7211,core_plus_rsi_london_spread_22
ict_reversal_core,2026-02-19 18:58:00+00:00,2026-02-19 18:59:00+00:00,2026-02-19,1,LONG,450,80,15,-1,-90,7477,core_plus_rsi_london_spread_22
rsi_sweep_london,2026-02-20 08:02:00+00:00,2026-02-20 08:10:00+00:00,2026-02-20,-1,SHORT,400,60,15,-1,-70,8199,core_plus_rsi_london_spread_22
rsi_sweep_london,2026-02-20 09:25:00+00:00,2026-02-20 09:26:00+00:00,2026-02-20,1,LONG,400,60,15,-1,-70,8282,core_plus_rsi_london_spread_22
rsi_sweep_london,2026-02-20 09:27:00+00:00,2026-02-20 09:38:00+00:00,2026-02-20,1,LONG,400,60,15,1,390,8284,core_plus_rsi_london_spread_22
ict_reversal_core,2026-02-20 16:30:00+00:00,2026-02-20 16:31:00+00:00,2026-02-20,1,LONG,450,80,15,-1,-90,8707,core_plus_rsi_london_spread_22
rsi_sweep_london,2026-02-23 09:04:00+00:00,2026-02-23 09:05:00+00:00,2026-02-23,1,LONG,400,60,15,-1,-70,9638,core_plus_rsi_london_spread_22
rsi_sweep_london,2026-02-23 09:05:00+00:00,2026-02-23 09:06:00+00:00,2026-02-23,1,LONG,400,60,15,1,390,9639,core_plus_rsi_london_spread_22
rsi_sweep_london,2026-02-23 10:31:00+00:00,2026-02-23 10:32:00+00:00,2026-02-23,1,LONG,400,60,15,1,390,9725,core_plus_rsi_london_spread_22
ict_reversal_core,2026-02-23 14:29:00+00:00,2026-02-23 14:38:00+00:00,2026-02-23,1,LONG,450,80,15,1,440,9963,core_plus_rsi_london_spread_22
rsi_sweep_london,2026-02-24 08:36:00+00:00,2026-02-24 08:37:00+00:00,2026-02-24,1,LONG,400,60,15,1,390,10988,core_plus_rsi_london_spread_22
ict_reversal_core,2026-02-24 16:31:00+00:00,2026-02-24 16:32:00+00:00,2026-02-24,-1,SHORT,450,80,15,-1,-90,11463,core_plus_rsi_london_spread_22
ict_reversal_core,2026-02-26 16:01:00+00:00,2026-02-26 16:02:00+00:00,2026-02-26,1,LONG,450,80,15,-1,-90,14189,core_plus_rsi_london_spread_22
ict_reversal_core,2026-02-26 16:31:00+00:00,2026-02-26 16:32:00+00:00,2026-02-26,1,LONG,450,80,15,-1,-90,14219,core_plus_rsi_london_spread_22
rsi_sweep_london,2026-02-27 09:00:00+00:00,2026-02-27 09:01:00+00:00,2026-02-27,1,LONG,400,60,15,-1,-70,15146,core_plus_rsi_london_spread_22
rsi_sweep_london,2026-03-02 08:10:00+00:00,2026-03-02 08:11:00+00:00,2026-03-02,-1,SHORT,400,60,15,-1,-70,16473,core_plus_rsi_london_spread_22
rsi_sweep_london,2026-03-02 09:14:00+00:00,2026-03-02 09:15:00+00:00,2026-03-02,-1,SHORT,400,60,15,-1,-70,16537,core_plus_rsi_london_spread_22
rsi_sweep_london,2026-03-02 09:20:00+00:00,2026-03-02 09:21:00+00:00,2026-03-02,-1,SHORT,400,60,15,-1,-70,16543,core_plus_rsi_london_spread_22
ict_reversal_core,2026-03-02 17:47:00+00:00,2026-03-02 17:48:00+00:00,2026-03-02,1,LONG,450,80,15,-1,-90,17050,core_plus_rsi_london_spread_22
rsi_sweep_london,2026-03-03 10:33:00+00:00,2026-03-03 10:34:00+00:00,2026-03-03,1,LONG,400,60,15,-1,-70,17976,core_plus_rsi_london_spread_22
ict_reversal_core,2026-03-03 16:25:00+00:00,2026-03-03 16:26:00+00:00,2026-03-03,1,LONG,450,80,15,-1,-90,18328,core_plus_rsi_london_spread_22
rsi_sweep_london,2026-03-04 09:09:00+00:00,2026-03-04 09:10:00+00:00,2026-03-04,-1,SHORT,400,60,15,-1,-70,19270,core_plus_rsi_london_spread_22
ict_reversal_core,2026-03-04 14:04:00+00:00,2026-03-04 14:11:00+00:00,2026-03-04,-1,SHORT,450,80,15,1,440,19565,core_plus_rsi_london_spread_22
ict_reversal_core,2026-03-04 15:01:00+00:00,2026-03-04 15:02:00+00:00,2026-03-04,-1,SHORT,450,80,15,-1,-90,19622,core_plus_rsi_london_spread_22
ict_reversal_core,2026-03-04 15:53:00+00:00,2026-03-04 15:54:00+00:00,2026-03-04,1,LONG,450,80,15,-1,-90,19674,core_plus_rsi_london_spread_22
rsi_sweep_london,2026-03-05 08:00:00+00:00,2026-03-05 08:01:00+00:00,2026-03-05,1,LONG,400,60,15,-1,-70,20579,core_plus_rsi_london_spread_22
rsi_sweep_london,2026-03-05 08:01:00+00:00,2026-03-05 08:02:00+00:00,2026-03-05,1,LONG,400,60,15,1,390,20580,core_plus_rsi_london_spread_22
rsi_sweep_london,2026-03-05 08:07:00+00:00,2026-03-05 08:08:00+00:00,2026-03-05,1,LONG,400,60,15,-1,-70,20586,core_plus_rsi_london_spread_22
rsi_sweep_london,2026-03-05 10:10:00+00:00,2026-03-05 10:12:00+00:00,2026-03-05,1,LONG,400,60,15,-1,-70,20709,core_plus_rsi_london_spread_22
rsi_sweep_london,2026-03-05 10:15:00+00:00,2026-03-05 10:17:00+00:00,2026-03-05,1,LONG,400,60,15,-1,-70,20714,core_plus_rsi_london_spread_22
rsi_sweep_london,2026-03-05 10:47:00+00:00,2026-03-05 10:48:00+00:00,2026-03-05,-1,SHORT,400,60,15,-1,-70,20746,core_plus_rsi_london_spread_22
rsi_sweep_london,2026-03-05 10:49:00+00:00,2026-03-05 10:53:00+00:00,2026-03-05,-1,SHORT,400,60,15,1,390,20748,core_plus_rsi_london_spread_22
ict_reversal_core,2026-03-06 14:34:00+00:00,2026-03-06 14:35:00+00:00,2026-03-06,1,LONG,450,80,15,-1,-90,22351,core_plus_rsi_london_spread_22
ict_reversal_core,2026-03-06 15:31:00+00:00,2026-03-06 15:32:00+00:00,2026-03-06,-1,SHORT,450,80,15,-1,-90,22408,core_plus_rsi_london_spread_22
ict_reversal_core,2026-03-06 17:03:00+00:00,2026-03-06 17:04:00+00:00,2026-03-06,-1,SHORT,450,80,15,-1,-90,22500,core_plus_rsi_london_spread_22
rsi_sweep_london,2026-03-09 09:44:00+00:00,2026-03-09 09:46:00+00:00,2026-03-09,1,LONG,400,60,15,-1,-70,23438,core_plus_rsi_london_spread_22
rsi_sweep_london,2026-03-09 09:54:00+00:00,2026-03-09 09:57:00+00:00,2026-03-09,1,LONG,400,60,15,1,390,23448,core_plus_rsi_london_spread_22
rsi_sweep_london,2026-03-10 08:13:00+00:00,2026-03-10 08:14:00+00:00,2026-03-10,-1,SHORT,400,60,15,-1,-70,24725,core_plus_rsi_london_spread_22
rsi_sweep_london,2026-03-10 08:15:00+00:00,2026-03-10 08:16:00+00:00,2026-03-10,-1,SHORT,400,60,15,-1,-70,24727,core_plus_rsi_london_spread_22
rsi_sweep_london,2026-03-10 10:24:00+00:00,2026-03-10 10:26:00+00:00,2026-03-10,1,LONG,400,60,15,1,390,24856,core_plus_rsi_london_spread_22
rsi_sweep_london,2026-03-11 09:17:00+00:00,2026-03-11 09:19:00+00:00,2026-03-11,-1,SHORT,400,60,15,1,390,26167,core_plus_rsi_london_spread_22
rsi_sweep_london,2026-03-11 10:39:00+00:00,2026-03-11 10:40:00+00:00,2026-03-11,1,LONG,400,60,15,-1,-70,26249,core_plus_rsi_london_spread_22
ict_reversal_core,2026-03-11 16:52:00+00:00,2026-03-11 16:54:00+00:00,2026-03-11,1,LONG,450,80,15,1,440,26622,core_plus_rsi_london_spread_22
rsi_sweep_london,2026-03-12 09:42:00+00:00,2026-03-12 09:43:00+00:00,2026-03-12,-1,SHORT,400,60,15,-1,-70,27570,core_plus_rsi_london_spread_22
rsi_sweep_london,2026-03-12 09:43:00+00:00,2026-03-12 09:44:00+00:00,2026-03-12,-1,SHORT,400,60,15,-1,-70,27571,core_plus_rsi_london_spread_22
rsi_sweep_london,2026-03-12 09:46:00+00:00,2026-03-12 09:47:00+00:00,2026-03-12,-1,SHORT,400,60,15,-1,-70,27574,core_plus_rsi_london_spread_22
rsi_sweep_london,2026-03-12 09:50:00+00:00,2026-03-12 09:53:00+00:00,2026-03-12,-1,SHORT,400,60,15,-1,-70,27578,core_plus_rsi_london_spread_22
ict_reversal_core,2026-03-12 14:45:00+00:00,2026-03-12 14:46:00+00:00,2026-03-12,-1,SHORT,450,80,15,-1,-90,27873,core_plus_rsi_london_spread_22
rsi_sweep_london,2026-03-13 08:46:00+00:00,2026-03-13 08:49:00+00:00,2026-03-13,1,LONG,400,60,15,1,390,28892,core_plus_rsi_london_spread_22
rsi_sweep_london,2026-03-13 10:20:00+00:00,2026-03-13 10:21:00+00:00,2026-03-13,1,LONG,400,60,15,-1,-70,28986,core_plus_rsi_london_spread_22
rsi_sweep_london,2026-03-13 10:23:00+00:00,2026-03-13 10:24:00+00:00,2026-03-13,1,LONG,400,60,15,1,390,28989,core_plus_rsi_london_spread_22
rsi_sweep_london,2026-03-16 09:19:00+00:00,2026-03-16 09:20:00+00:00,2026-03-16,-1,SHORT,400,60,15,-1,-70,30302,core_plus_rsi_london_spread_22
rsi_sweep_london,2026-03-16 09:49:00+00:00,2026-03-16 09:50:00+00:00,2026-03-16,1,LONG,400,60,15,-1,-70,30332,core_plus_rsi_london_spread_22
rsi_sweep_london,2026-03-16 09:52:00+00:00,2026-03-16 09:56:00+00:00,2026-03-16,1,LONG,400,60,15,1,390,30335,core_plus_rsi_london_spread_22
rsi_sweep_london,2026-03-17 08:58:00+00:00,2026-03-17 08:59:00+00:00,2026-03-17,1,LONG,400,60,15,-1,-70,31659,core_plus_rsi_london_spread_22
rsi_sweep_london,2026-03-17 09:00:00+00:00,2026-03-17 09:01:00+00:00,2026-03-17,1,LONG,400,60,15,-1,-70,31661,core_plus_rsi_london_spread_22
rsi_sweep_london,2026-03-17 09:07:00+00:00,2026-03-17 09:08:00+00:00,2026-03-17,1,LONG,400,60,15,-1,-70,31668,core_plus_rsi_london_spread_22
rsi_sweep_london,2026-03-17 09:08:00+00:00,2026-03-17 09:09:00+00:00,2026-03-17,1,LONG,400,60,15,-1,-70,31669,core_plus_rsi_london_spread_22
rsi_sweep_london,2026-03-17 09:09:00+00:00,2026-03-17 09:10:00+00:00,2026-03-17,1,LONG,400,60,15,-1,-70,31670,core_plus_rsi_london_spread_22
rsi_sweep_london,2026-03-17 10:36:00+00:00,2026-03-17 10:37:00+00:00,2026-03-17,-1,SHORT,400,60,15,-1,-70,31757,core_plus_rsi_london_spread_22
rsi_sweep_london,2026-03-17 10:40:00+00:00,2026-03-17 10:44:00+00:00,2026-03-17,-1,SHORT,400,60,15,1,390,31761,core_plus_rsi_london_spread_22
rsi_sweep_london,2026-02-12 08:31:00+00:00,2026-02-12 08:32:00+00:00,2026-02-12,1,LONG,400,60,15,-1,-70,109,core_plus_rsi_london_spread_23
rsi_sweep_london,2026-02-12 08:34:00+00:00,2026-02-12 08:35:00+00:00,2026-02-12,1,LONG,400,60,15,-1,-70,112,core_plus_rsi_london_spread_23
rsi_sweep_london,2026-02-12 08:35:00+00:00,2026-02-12 08:36:00+00:00,2026-02-12,1,LONG,400,60,15,-1,-70,113,core_plus_rsi_london_spread_23
rsi_sweep_london,2026-02-12 10:07:00+00:00,2026-02-12 10:08:00+00:00,2026-02-12,-1,SHORT,400,60,15,-1,-70,205,core_plus_rsi_london_spread_23
rsi_sweep_london,2026-02-12 10:10:00+00:00,2026-02-12 10:13:00+00:00,2026-02-12,-1,SHORT,400,60,15,1,390,208,core_plus_rsi_london_spread_23
ict_reversal_core,2026-02-12 15:57:00+00:00,2026-02-12 16:00:00+00:00,2026-02-12,-1,SHORT,450,80,15,1,440,555,core_plus_rsi_london_spread_23
rsi_sweep_london,2026-02-16 09:41:00+00:00,2026-02-16 09:42:00+00:00,2026-02-16,-1,SHORT,400,60,15,-1,-70,2934,core_plus_rsi_london_spread_23
ict_reversal_core,2026-02-16 15:48:00+00:00,2026-02-16 15:51:00+00:00,2026-02-16,1,LONG,450,80,15,1,440,3301,core_plus_rsi_london_spread_23
ict_reversal_core,2026-02-16 16:17:00+00:00,2026-02-16 16:20:00+00:00,2026-02-16,-1,SHORT,450,80,15,1,440,3330,core_plus_rsi_london_spread_23
rsi_sweep_london,2026-02-17 08:39:00+00:00,2026-02-17 08:40:00+00:00,2026-02-17,-1,SHORT,400,60,15,-1,-70,4102,core_plus_rsi_london_spread_23
rsi_sweep_london,2026-02-17 08:41:00+00:00,2026-02-17 08:47:00+00:00,2026-02-17,-1,SHORT,400,60,15,1,390,4104,core_plus_rsi_london_spread_23
ict_reversal_core,2026-02-17 15:20:00+00:00,2026-02-17 15:21:00+00:00,2026-02-17,1,LONG,450,80,15,-1,-90,4503,core_plus_rsi_london_spread_23
ict_reversal_core,2026-02-17 18:31:00+00:00,2026-02-17 18:32:00+00:00,2026-02-17,1,LONG,450,80,15,-1,-90,4694,core_plus_rsi_london_spread_23
rsi_sweep_london,2026-02-18 08:13:00+00:00,2026-02-18 08:17:00+00:00,2026-02-18,1,LONG,400,60,15,-1,-70,5454,core_plus_rsi_london_spread_23
rsi_sweep_london,2026-02-18 09:54:00+00:00,2026-02-18 09:58:00+00:00,2026-02-18,1,LONG,400,60,15,-1,-70,5555,core_plus_rsi_london_spread_23
rsi_sweep_london,2026-02-18 10:46:00+00:00,2026-02-18 10:50:00+00:00,2026-02-18,1,LONG,400,60,15,-1,-70,5607,core_plus_rsi_london_spread_23
ict_reversal_core,2026-02-18 14:13:00+00:00,2026-02-18 14:14:00+00:00,2026-02-18,-1,SHORT,450,80,15,-1,-90,5814,core_plus_rsi_london_spread_23
rsi_sweep_london,2026-02-19 08:36:00+00:00,2026-02-19 08:38:00+00:00,2026-02-19,-1,SHORT,400,60,15,-1,-70,6855,core_plus_rsi_london_spread_23
rsi_sweep_london,2026-02-19 08:37:00+00:00,2026-02-19 08:41:00+00:00,2026-02-19,-1,SHORT,400,60,15,-1,-70,6856,core_plus_rsi_london_spread_23
rsi_sweep_london,2026-02-19 08:38:00+00:00,2026-02-19 08:41:00+00:00,2026-02-19,-1,SHORT,400,60,15,-1,-70,6857,core_plus_rsi_london_spread_23
rsi_sweep_london,2026-02-19 08:49:00+00:00,2026-02-19 08:50:00+00:00,2026-02-19,-1,SHORT,400,60,15,-1,-70,6868,core_plus_rsi_london_spread_23
rsi_sweep_london,2026-02-19 08:51:00+00:00,2026-02-19 08:52:00+00:00,2026-02-19,-1,SHORT,400,60,15,-1,-70,6870,core_plus_rsi_london_spread_23
rsi_sweep_london,2026-02-19 08:52:00+00:00,2026-02-19 08:53:00+00:00,2026-02-19,-1,SHORT,400,60,15,-1,-70,6871,core_plus_rsi_london_spread_23
rsi_sweep_london,2026-02-19 08:55:00+00:00,2026-02-19 08:59:00+00:00,2026-02-19,-1,SHORT,400,60,15,-1,-70,6874,core_plus_rsi_london_spread_23
rsi_sweep_london,2026-02-19 08:59:00+00:00,2026-02-19 09:05:00+00:00,2026-02-19,-1,SHORT,400,60,15,-1,-70,6878,core_plus_rsi_london_spread_23
rsi_sweep_london,2026-02-19 09:03:00+00:00,2026-02-19 09:05:00+00:00,2026-02-19,-1,SHORT,400,60,15,-1,-70,6882,core_plus_rsi_london_spread_23
ict_reversal_core,2026-02-19 14:32:00+00:00,2026-02-19 14:36:00+00:00,2026-02-19,-1,SHORT,450,80,15,1,440,7211,core_plus_rsi_london_spread_23
ict_reversal_core,2026-02-19 18:58:00+00:00,2026-02-19 18:59:00+00:00,2026-02-19,1,LONG,450,80,15,-1,-90,7477,core_plus_rsi_london_spread_23
rsi_sweep_london,2026-02-20 08:02:00+00:00,2026-02-20 08:10:00+00:00,2026-02-20,-1,SHORT,400,60,15,-1,-70,8199,core_plus_rsi_london_spread_23
rsi_sweep_london,2026-02-20 09:25:00+00:00,2026-02-20 09:26:00+00:00,2026-02-20,1,LONG,400,60,15,-1,-70,8282,core_plus_rsi_london_spread_23
rsi_sweep_london,2026-02-20 09:27:00+00:00,2026-02-20 09:38:00+00:00,2026-02-20,1,LONG,400,60,15,1,390,8284,core_plus_rsi_london_spread_23
ict_reversal_core,2026-02-20 16:30:00+00:00,2026-02-20 16:31:00+00:00,2026-02-20,1,LONG,450,80,15,-1,-90,8707,core_plus_rsi_london_spread_23
rsi_sweep_london,2026-02-23 09:04:00+00:00,2026-02-23 09:05:00+00:00,2026-02-23,1,LONG,400,60,15,-1,-70,9638,core_plus_rsi_london_spread_23
rsi_sweep_london,2026-02-23 09:05:00+00:00,2026-02-23 09:06:00+00:00,2026-02-23,1,LONG,400,60,15,1,390,9639,core_plus_rsi_london_spread_23
rsi_sweep_london,2026-02-23 10:31:00+00:00,2026-02-23 10:32:00+00:00,2026-02-23,1,LONG,400,60,15,1,390,9725,core_plus_rsi_london_spread_23
ict_reversal_core,2026-02-23 14:29:00+00:00,2026-02-23 14:38:00+00:00,2026-02-23,1,LONG,450,80,15,1,440,9963,core_plus_rsi_london_spread_23
rsi_sweep_london,2026-02-24 08:36:00+00:00,2026-02-24 08:37:00+00:00,2026-02-24,1,LONG,400,60,15,1,390,10988,core_plus_rsi_london_spread_23
ict_reversal_core,2026-02-24 16:31:00+00:00,2026-02-24 16:32:00+00:00,2026-02-24,-1,SHORT,450,80,15,-1,-90,11463,core_plus_rsi_london_spread_23
ict_reversal_core,2026-02-26 16:01:00+00:00,2026-02-26 16:02:00+00:00,2026-02-26,1,LONG,450,80,15,-1,-90,14189,core_plus_rsi_london_spread_23
ict_reversal_core,2026-02-26 16:31:00+00:00,2026-02-26 16:32:00+00:00,2026-02-26,1,LONG,450,80,15,-1,-90,14219,core_plus_rsi_london_spread_23
rsi_sweep_london,2026-02-27 09:00:00+00:00,2026-02-27 09:01:00+00:00,2026-02-27,1,LONG,400,60,15,-1,-70,15146,core_plus_rsi_london_spread_23
rsi_sweep_london,2026-03-02 08:10:00+00:00,2026-03-02 08:11:00+00:00,2026-03-02,-1,SHORT,400,60,15,-1,-70,16473,core_plus_rsi_london_spread_23
rsi_sweep_london,2026-03-02 09:14:00+00:00,2026-03-02 09:15:00+00:00,2026-03-02,-1,SHORT,400,60,15,-1,-70,16537,core_plus_rsi_london_spread_23
rsi_sweep_london,2026-03-02 09:20:00+00:00,2026-03-02 09:21:00+00:00,2026-03-02,-1,SHORT,400,60,15,-1,-70,16543,core_plus_rsi_london_spread_23
ict_reversal_core,2026-03-02 17:47:00+00:00,2026-03-02 17:48:00+00:00,2026-03-02,1,LONG,450,80,15,-1,-90,17050,core_plus_rsi_london_spread_23
rsi_sweep_london,2026-03-03 10:33:00+00:00,2026-03-03 10:34:00+00:00,2026-03-03,1,LONG,400,60,15,-1,-70,17976,core_plus_rsi_london_spread_23
ict_reversal_core,2026-03-03 16:25:00+00:00,2026-03-03 16:26:00+00:00,2026-03-03,1,LONG,450,80,15,-1,-90,18328,core_plus_rsi_london_spread_23
rsi_sweep_london,2026-03-04 09:09:00+00:00,2026-03-04 09:10:00+00:00,2026-03-04,-1,SHORT,400,60,15,-1,-70,19270,core_plus_rsi_london_spread_23
ict_reversal_core,2026-03-04 14:04:00+00:00,2026-03-04 14:11:00+00:00,2026-03-04,-1,SHORT,450,80,15,1,440,19565,core_plus_rsi_london_spread_23
ict_reversal_core,2026-03-04 15:01:00+00:00,2026-03-04 15:02:00+00:00,2026-03-04,-1,SHORT,450,80,15,-1,-90,19622,core_plus_rsi_london_spread_23
ict_reversal_core,2026-03-04 15:53:00+00:00,2026-03-04 15:54:00+00:00,2026-03-04,1,LONG,450,80,15,-1,-90,19674,core_plus_rsi_london_spread_23
rsi_sweep_london,2026-03-05 08:00:00+00:00,2026-03-05 08:01:00+00:00,2026-03-05,1,LONG,400,60,15,-1,-70,20579,core_plus_rsi_london_spread_23
rsi_sweep_london,2026-03-05 08:01:00+00:00,2026-03-05 08:02:00+00:00,2026-03-05,1,LONG,400,60,15,1,390,20580,core_plus_rsi_london_spread_23
rsi_sweep_london,2026-03-05 08:07:00+00:00,2026-03-05 08:08:00+00:00,2026-03-05,1,LONG,400,60,15,-1,-70,20586,core_plus_rsi_london_spread_23
rsi_sweep_london,2026-03-05 10:10:00+00:00,2026-03-05 10:12:00+00:00,2026-03-05,1,LONG,400,60,15,-1,-70,20709,core_plus_rsi_london_spread_23
rsi_sweep_london,2026-03-05 10:15:00+00:00,2026-03-05 10:17:00+00:00,2026-03-05,1,LONG,400,60,15,-1,-70,20714,core_plus_rsi_london_spread_23
rsi_sweep_london,2026-03-05 10:47:00+00:00,2026-03-05 10:48:00+00:00,2026-03-05,-1,SHORT,400,60,15,-1,-70,20746,core_plus_rsi_london_spread_23
rsi_sweep_london,2026-03-05 10:49:00+00:00,2026-03-05 10:53:00+00:00,2026-03-05,-1,SHORT,400,60,15,1,390,20748,core_plus_rsi_london_spread_23
ict_reversal_core,2026-03-06 14:34:00+00:00,2026-03-06 14:35:00+00:00,2026-03-06,1,LONG,450,80,15,-1,-90,22351,core_plus_rsi_london_spread_23
ict_reversal_core,2026-03-06 15:31:00+00:00,2026-03-06 15:32:00+00:00,2026-03-06,-1,SHORT,450,80,15,-1,-90,22408,core_plus_rsi_london_spread_23
ict_reversal_core,2026-03-06 17:03:00+00:00,2026-03-06 17:04:00+00:00,2026-03-06,-1,SHORT,450,80,15,-1,-90,22500,core_plus_rsi_london_spread_23
rsi_sweep_london,2026-03-09 09:44:00+00:00,2026-03-09 09:46:00+00:00,2026-03-09,1,LONG,400,60,15,-1,-70,23438,core_plus_rsi_london_spread_23
rsi_sweep_london,2026-03-09 09:54:00+00:00,2026-03-09 09:57:00+00:00,2026-03-09,1,LONG,400,60,15,1,390,23448,core_plus_rsi_london_spread_23
rsi_sweep_london,2026-03-10 08:13:00+00:00,2026-03-10 08:14:00+00:00,2026-03-10,-1,SHORT,400,60,15,-1,-70,24725,core_plus_rsi_london_spread_23
rsi_sweep_london,2026-03-10 08:15:00+00:00,2026-03-10 08:16:00+00:00,2026-03-10,-1,SHORT,400,60,15,-1,-70,24727,core_plus_rsi_london_spread_23
rsi_sweep_london,2026-03-10 10:24:00+00:00,2026-03-10 10:26:00+00:00,2026-03-10,1,LONG,400,60,15,1,390,24856,core_plus_rsi_london_spread_23
rsi_sweep_london,2026-03-11 09:17:00+00:00,2026-03-11 09:19:00+00:00,2026-03-11,-1,SHORT,400,60,15,1,390,26167,core_plus_rsi_london_spread_23
rsi_sweep_london,2026-03-11 10:39:00+00:00,2026-03-11 10:40:00+00:00,2026-03-11,1,LONG,400,60,15,-1,-70,26249,core_plus_rsi_london_spread_23
ict_reversal_core,2026-03-11 16:52:00+00:00,2026-03-11 16:54:00+00:00,2026-03-11,1,LONG,450,80,15,1,440,26622,core_plus_rsi_london_spread_23
rsi_sweep_london,2026-03-12 09:42:00+00:00,2026-03-12 09:43:00+00:00,2026-03-12,-1,SHORT,400,60,15,-1,-70,27570,core_plus_rsi_london_spread_23
rsi_sweep_london,2026-03-12 09:43:00+00:00,2026-03-12 09:44:00+00:00,2026-03-12,-1,SHORT,400,60,15,-1,-70,27571,core_plus_rsi_london_spread_23
rsi_sweep_london,2026-03-12 09:46:00+00:00,2026-03-12 09:47:00+00:00,2026-03-12,-1,SHORT,400,60,15,-1,-70,27574,core_plus_rsi_london_spread_23
rsi_sweep_london,2026-03-12 09:50:00+00:00,2026-03-12 09:53:00+00:00,2026-03-12,-1,SHORT,400,60,15,-1,-70,27578,core_plus_rsi_london_spread_23
ict_reversal_core,2026-03-12 14:45:00+00:00,2026-03-12 14:46:00+00:00,2026-03-12,-1,SHORT,450,80,15,-1,-90,27873,core_plus_rsi_london_spread_23
rsi_sweep_london,2026-03-13 08:46:00+00:00,2026-03-13 08:49:00+00:00,2026-03-13,1,LONG,400,60,15,1,390,28892,core_plus_rsi_london_spread_23
rsi_sweep_london,2026-03-13 10:20:00+00:00,2026-03-13 10:21:00+00:00,2026-03-13,1,LONG,400,60,15,-1,-70,28986,core_plus_rsi_london_spread_23
rsi_sweep_london,2026-03-13 10:23:00+00:00,2026-03-13 10:24:00+00:00,2026-03-13,1,LONG,400,60,15,1,390,28989,core_plus_rsi_london_spread_23
rsi_sweep_london,2026-03-16 09:19:00+00:00,2026-03-16 09:20:00+00:00,2026-03-16,-1,SHORT,400,60,15,-1,-70,30302,core_plus_rsi_london_spread_23
rsi_sweep_london,2026-03-16 09:49:00+00:00,2026-03-16 09:50:00+00:00,2026-03-16,1,LONG,400,60,15,-1,-70,30332,core_plus_rsi_london_spread_23
rsi_sweep_london,2026-03-16 09:52:00+00:00,2026-03-16 09:56:00+00:00,2026-03-16,1,LONG,400,60,15,1,390,30335,core_plus_rsi_london_spread_23
rsi_sweep_london,2026-03-17 08:58:00+00:00,2026-03-17 08:59:00+00:00,2026-03-17,1,LONG,400,60,15,-1,-70,31659,core_plus_rsi_london_spread_23
rsi_sweep_london,2026-03-17 09:00:00+00:00,2026-03-17 09:01:00+00:00,2026-03-17,1,LONG,400,60,15,-1,-70,31661,core_plus_rsi_london_spread_23
rsi_sweep_london,2026-03-17 09:07:00+00:00,2026-03-17 09:08:00+00:00,2026-03-17,1,LONG,400,60,15,-1,-70,31668,core_plus_rsi_london_spread_23
rsi_sweep_london,2026-03-17 09:08:00+00:00,2026-03-17 09:09:00+00:00,2026-03-17,1,LONG,400,60,15,-1,-70,31669,core_plus_rsi_london_spread_23
rsi_sweep_london,2026-03-17 09:09:00+00:00,2026-03-17 09:10:00+00:00,2026-03-17,1,LONG,400,60,15,-1,-70,31670,core_plus_rsi_london_spread_23
rsi_sweep_london,2026-03-17 10:36:00+00:00,2026-03-17 10:37:00+00:00,2026-03-17,-1,SHORT,400,60,15,-1,-70,31757,core_plus_rsi_london_spread_23
rsi_sweep_london,2026-03-17 10:40:00+00:00,2026-03-17 10:44:00+00:00,2026-03-17,-1,SHORT,400,60,15,1,390,31761,core_plus_rsi_london_spread_23
rsi_sweep_london,2026-03-18 09:15:00+00:00,2026-03-18 09:16:00+00:00,2026-03-18,-1,SHORT,400,60,15,-1,-70,33054,core_plus_rsi_london_spread_23
rsi_sweep_london,2026-03-18 09:16:00+00:00,2026-03-18 09:17:00+00:00,2026-03-18,-1,SHORT,400,60,15,-1,-70,33055,core_plus_rsi_london_spread_23
rsi_sweep_london,2026-03-18 09:18:00+00:00,2026-03-18 09:30:00+00:00,2026-03-18,-1,SHORT,400,60,15,-1,-70,33057,core_plus_rsi_london_spread_23
rsi_sweep_london,2026-03-18 10:47:00+00:00,2026-03-18 10:48:00+00:00,2026-03-18,1,LONG,400,60,15,-1,-70,33146,core_plus_rsi_london_spread_23
rsi_sweep_london,2026-03-18 10:52:00+00:00,2026-03-18 10:53:00+00:00,2026-03-18,1,LONG,400,60,15,-1,-70,33151,core_plus_rsi_london_spread_23
ict_reversal_core,2026-03-18 14:30:00+00:00,2026-03-18 14:32:00+00:00,2026-03-18,1,LONG,450,80,15,1,440,33369,core_plus_rsi_london_spread_23
ict_reversal_core,2026-03-18 18:01:00+00:00,2026-03-18 18:02:00+00:00,2026-03-18,-1,SHORT,450,80,15,-1,-90,33580,core_plus_rsi_london_spread_23
rsi_sweep_london,2026-03-19 08:32:00+00:00,2026-03-19 08:33:00+00:00,2026-03-19,1,LONG,400,60,15,-1,-70,34389,core_plus_rsi_london_spread_23
rsi_sweep_london,2026-03-19 08:34:00+00:00,2026-03-19 08:35:00+00:00,2026-03-19,1,LONG,400,60,15,-1,-70,34391,core_plus_rsi_london_spread_23
rsi_sweep_london,2026-03-19 08:45:00+00:00,2026-03-19 08:46:00+00:00,2026-03-19,1,LONG,400,60,15,-1,-70,34402,core_plus_rsi_london_spread_23
rsi_sweep_london,2026-03-20 08:59:00+00:00,2026-03-20 09:00:00+00:00,2026-03-20,1,LONG,400,60,15,-1,-70,35794,core_plus_rsi_london_spread_23
rsi_sweep_london,2026-03-20 10:40:00+00:00,2026-03-20 10:41:00+00:00,2026-03-20,-1,SHORT,400,60,15,-1,-70,35895,core_plus_rsi_london_spread_23
ict_reversal_core,2026-03-20 17:19:00+00:00,2026-03-20 17:20:00+00:00,2026-03-20,1,LONG,450,80,15,-1,-90,36294,core_plus_rsi_london_spread_23
ict_reversal_core,2026-03-24 14:01:00+00:00,2026-03-24 14:02:00+00:00,2026-03-24,-1,SHORT,450,80,15,-1,-90,38851,core_plus_rsi_london_spread_23
rsi_sweep_london,2026-03-25 10:19:00+00:00,2026-03-25 10:20:00+00:00,2026-03-25,-1,SHORT,400,60,15,-1,-70,40007,core_plus_rsi_london_spread_23
ict_reversal_core,2026-03-25 18:18:00+00:00,2026-03-25 18:19:00+00:00,2026-03-25,1,LONG,450,80,15,-1,-90,40486,core_plus_rsi_london_spread_23
rsi_sweep_london,2026-03-26 08:14:00+00:00,2026-03-26 08:16:00+00:00,2026-03-26,1,LONG,400,60,15,-1,-70,41260,core_plus_rsi_london_spread_23
ict_reversal_core,2026-03-26 14:01:00+00:00,2026-03-26 14:02:00+00:00,2026-03-26,-1,SHORT,450,80,15,-1,-90,41607,core_plus_rsi_london_spread_23
rsi_sweep_london,2026-03-27 08:40:00+00:00,2026-03-27 08:41:00+00:00,2026-03-27,-1,SHORT,400,60,15,1,390,42664,core_plus_rsi_london_spread_23
rsi_sweep_london,2026-03-27 10:03:00+00:00,2026-03-27 10:04:00+00:00,2026-03-27,1,LONG,400,60,15,-1,-70,42747,core_plus_rsi_london_spread_23
rsi_sweep_london,2026-03-30 07:06:00+00:00,2026-03-30 07:07:00+00:00,2026-03-30,1,LONG,400,60,15,-1,-70,43947,core_plus_rsi_london_spread_23
rsi_sweep_london,2026-03-30 07:08:00+00:00,2026-03-30 07:10:00+00:00,2026-03-30,1,LONG,400,60,15,-1,-70,43949,core_plus_rsi_london_spread_23
rsi_sweep_london,2026-03-30 07:14:00+00:00,2026-03-30 07:21:00+00:00,2026-03-30,1,LONG,400,60,15,1,390,43955,core_plus_rsi_london_spread_23
rsi_sweep_london,2026-03-30 08:00:00+00:00,2026-03-30 08:01:00+00:00,2026-03-30,-1,SHORT,400,60,15,-1,-70,44001,core_plus_rsi_london_spread_23
rsi_sweep_london,2026-03-30 08:02:00+00:00,2026-03-30 08:03:00+00:00,2026-03-30,-1,SHORT,400,60,15,-1,-70,44003,core_plus_rsi_london_spread_23
rsi_sweep_london,2026-03-30 08:13:00+00:00,2026-03-30 08:16:00+00:00,2026-03-30,-1,SHORT,400,60,15,-1,-70,44014,core_plus_rsi_london_spread_23
rsi_sweep_london,2026-03-30 08:16:00+00:00,2026-03-30 08:17:00+00:00,2026-03-30,-1,SHORT,400,60,15,-1,-70,44017,core_plus_rsi_london_spread_23
rsi_sweep_london,2026-03-30 08:24:00+00:00,2026-03-30 08:25:00+00:00,2026-03-30,-1,SHORT,400,60,15,1,390,44025,core_plus_rsi_london_spread_23
rsi_sweep_london,2026-03-30 08:54:00+00:00,2026-03-30 08:57:00+00:00,2026-03-30,-1,SHORT,400,60,15,-1,-70,44055,core_plus_rsi_london_spread_23
ict_reversal_core,2026-03-30 16:07:00+00:00,2026-03-30 16:08:00+00:00,2026-03-30,1,LONG,450,80,15,-1,-90,44488,core_plus_rsi_london_spread_23
ict_reversal_core,2026-03-30 16:23:00+00:00,2026-03-30 16:24:00+00:00,2026-03-30,1,LONG,450,80,15,-1,-90,44504,core_plus_rsi_london_spread_23
ict_reversal_core,2026-03-31 17:03:00+00:00,2026-03-31 17:04:00+00:00,2026-03-31,-1,SHORT,450,80,15,-1,-90,45922,core_plus_rsi_london_spread_23
rsi_sweep_london,2026-04-01 07:18:00+00:00,2026-04-01 07:19:00+00:00,2026-04-01,1,LONG,400,60,15,-1,-70,46715,core_plus_rsi_london_spread_23
rsi_sweep_london,2026-04-01 09:25:00+00:00,2026-04-01 09:26:00+00:00,2026-04-01,-1,SHORT,400,60,15,-1,-70,46842,core_plus_rsi_london_spread_23
rsi_sweep_london,2026-04-01 09:54:00+00:00,2026-04-01 09:55:00+00:00,2026-04-01,-1,SHORT,400,60,15,-1,-70,46871,core_plus_rsi_london_spread_23
rsi_sweep_london,2026-04-01 09:55:00+00:00,2026-04-01 09:56:00+00:00,2026-04-01,-1,SHORT,400,60,15,-1,-70,46872,core_plus_rsi_london_spread_23
rsi_sweep_london,2026-04-01 09:58:00+00:00,2026-04-01 09:59:00+00:00,2026-04-01,-1,SHORT,400,60,15,-1,-70,46875,core_plus_rsi_london_spread_23
rsi_sweep_london,2026-04-06 07:02:00+00:00,2026-04-06 07:03:00+00:00,2026-04-06,-1,SHORT,400,60,15,-1,-70,49452,core_plus_rsi_london_spread_23
rsi_sweep_london,2026-04-06 07:05:00+00:00,2026-04-06 07:06:00+00:00,2026-04-06,-1,SHORT,400,60,15,-1,-70,49455,core_plus_rsi_london_spread_23
rsi_sweep_london,2026-04-06 07:55:00+00:00,2026-04-06 07:57:00+00:00,2026-04-06,-1,SHORT,400,60,15,-1,-70,49505,core_plus_rsi_london_spread_23
rsi_sweep_london,2026-04-06 08:01:00+00:00,2026-04-06 08:04:00+00:00,2026-04-06,-1,SHORT,400,60,15,-1,-70,49511,core_plus_rsi_london_spread_23
rsi_sweep_london,2026-04-06 08:11:00+00:00,2026-04-06 08:14:00+00:00,2026-04-06,-1,SHORT,400,60,15,-1,-70,49521,core_plus_rsi_london_spread_23
rsi_sweep_london,2026-04-06 08:18:00+00:00,2026-04-06 08:19:00+00:00,2026-04-06,-1,SHORT,400,60,15,-1,-70,49528,core_plus_rsi_london_spread_23
rsi_sweep_london,2026-04-06 08:20:00+00:00,2026-04-06 08:23:00+00:00,2026-04-06,-1,SHORT,400,60,15,1,390,49530,core_plus_rsi_london_spread_23
rsi_sweep_london,2026-04-07 07:35:00+00:00,2026-04-07 07:38:00+00:00,2026-04-07,-1,SHORT,400,60,15,-1,-70,50863,core_plus_rsi_london_spread_23
rsi_sweep_london,2026-04-07 07:39:00+00:00,2026-04-07 07:40:00+00:00,2026-04-07,-1,SHORT,400,60,15,-1,-70,50867,core_plus_rsi_london_spread_23
rsi_sweep_london,2026-04-07 07:40:00+00:00,2026-04-07 07:41:00+00:00,2026-04-07,-1,SHORT,400,60,15,-1,-70,50868,core_plus_rsi_london_spread_23
rsi_sweep_london,2026-04-07 07:42:00+00:00,2026-04-07 07:44:00+00:00,2026-04-07,-1,SHORT,400,60,15,-1,-70,50870,core_plus_rsi_london_spread_23
ict_reversal_core,2026-04-07 16:30:00+00:00,2026-04-07 16:31:00+00:00,2026-04-07,-1,SHORT,450,80,15,1,440,51398,core_plus_rsi_london_spread_23
rsi_sweep_london,2026-04-08 08:40:00+00:00,2026-04-08 08:41:00+00:00,2026-04-08,-1,SHORT,400,60,15,-1,-70,52306,core_plus_rsi_london_spread_23
rsi_sweep_london,2026-04-08 08:42:00+00:00,2026-04-08 08:43:00+00:00,2026-04-08,-1,SHORT,400,60,15,-1,-70,52308,core_plus_rsi_london_spread_23
rsi_sweep_london,2026-04-08 08:43:00+00:00,2026-04-08 08:44:00+00:00,2026-04-08,-1,SHORT,400,60,15,-1,-70,52309,core_plus_rsi_london_spread_23
rsi_sweep_london,2026-04-22 08:22:00+00:00,2026-04-22 08:26:00+00:00,2026-04-22,-1,SHORT,400,60,15,1,390,66066,core_plus_rsi_london_spread_23
ict_reversal_core,2026-04-22 15:29:00+00:00,2026-04-22 15:33:00+00:00,2026-04-22,-1,SHORT,450,80,15,-1,-90,66493,core_plus_rsi_london_spread_23
ict_reversal_core,2026-04-22 16:09:00+00:00,2026-04-22 16:10:00+00:00,2026-04-22,1,LONG,450,80,15,-1,-90,66533,core_plus_rsi_london_spread_23
ict_reversal_core,2026-04-22 16:30:00+00:00,2026-04-22 16:31:00+00:00,2026-04-22,-1,SHORT,450,80,15,-1,-90,66554,core_plus_rsi_london_spread_23
rsi_sweep_london,2026-04-23 07:47:00+00:00,2026-04-23 07:59:00+00:00,2026-04-23,1,LONG,400,60,15,1,390,67409,core_plus_rsi_london_spread_23
rsi_sweep_london,2026-04-23 08:10:00+00:00,2026-04-23 08:25:00+00:00,2026-04-23,-1,SHORT,400,60,15,1,390,67432,core_plus_rsi_london_spread_23
rsi_sweep_london,2026-04-23 08:12:00+00:00,2026-04-23 08:17:00+00:00,2026-04-23,-1,SHORT,400,60,15,1,390,67434,core_plus_rsi_london_spread_23
rsi_sweep_london,2026-04-24 07:25:00+00:00,2026-04-24 07:26:00+00:00,2026-04-24,1,LONG,400,60,15,-1,-70,68765,core_plus_rsi_london_spread_23
rsi_sweep_london,2026-04-24 07:31:00+00:00,2026-04-24 07:35:00+00:00,2026-04-24,1,LONG,400,60,15,1,390,68771,core_plus_rsi_london_spread_23
rsi_sweep_london,2026-04-24 07:48:00+00:00,2026-04-24 07:49:00+00:00,2026-04-24,-1,SHORT,400,60,15,-1,-70,68788,core_plus_rsi_london_spread_23
rsi_sweep_london,2026-04-24 07:49:00+00:00,2026-04-24 08:00:00+00:00,2026-04-24,-1,SHORT,400,60,15,-1,-70,68789,core_plus_rsi_london_spread_23
rsi_sweep_london,2026-04-24 08:40:00+00:00,2026-04-24 08:41:00+00:00,2026-04-24,-1,SHORT,400,60,15,-1,-70,68840,core_plus_rsi_london_spread_23
ict_reversal_core,2026-04-24 13:24:00+00:00,2026-04-24 13:29:00+00:00,2026-04-24,1,LONG,450,80,15,-1,-90,69124,core_plus_rsi_london_spread_23
ict_reversal_core,2026-04-24 14:08:00+00:00,2026-04-24 14:09:00+00:00,2026-04-24,-1,SHORT,450,80,15,-1,-90,69168,core_plus_rsi_london_spread_23
rsi_sweep_london,2026-04-27 08:05:00+00:00,2026-04-27 08:06:00+00:00,2026-04-27,1,LONG,400,60,15,-1,-70,70182,core_plus_rsi_london_spread_23
rsi_sweep_london,2026-04-27 08:10:00+00:00,2026-04-27 08:12:00+00:00,2026-04-27,1,LONG,400,60,15,-1,-70,70187,core_plus_rsi_london_spread_23
rsi_sweep_london,2026-04-27 08:16:00+00:00,2026-04-27 08:17:00+00:00,2026-04-27,1,LONG,400,60,15,-1,-70,70193,core_plus_rsi_london_spread_23
rsi_sweep_london,2026-04-27 08:17:00+00:00,2026-04-27 08:30:00+00:00,2026-04-27,1,LONG,400,60,15,-1,-70,70194,core_plus_rsi_london_spread_23
rsi_sweep_london,2026-04-27 08:34:00+00:00,2026-04-27 08:35:00+00:00,2026-04-27,1,LONG,400,60,15,-1,-70,70211,core_plus_rsi_london_spread_23
rsi_sweep_london,2026-04-27 08:38:00+00:00,2026-04-27 08:40:00+00:00,2026-04-27,1,LONG,400,60,15,-1,-70,70215,core_plus_rsi_london_spread_23
rsi_sweep_london,2026-04-27 08:42:00+00:00,2026-04-27 08:51:00+00:00,2026-04-27,1,LONG,400,60,15,-1,-70,70219,core_plus_rsi_london_spread_23
rsi_sweep_london,2026-04-28 08:13:00+00:00,2026-04-28 08:14:00+00:00,2026-04-28,1,LONG,400,60,15,-1,-70,71568,core_plus_rsi_london_spread_23
rsi_sweep_london,2026-04-28 08:34:00+00:00,2026-04-28 08:35:00+00:00,2026-04-28,1,LONG,400,60,15,-1,-70,71589,core_plus_rsi_london_spread_23
rsi_sweep_london,2026-04-28 08:37:00+00:00,2026-04-28 08:38:00+00:00,2026-04-28,1,LONG,400,60,15,-1,-70,71592,core_plus_rsi_london_spread_23
rsi_sweep_london,2026-04-28 08:42:00+00:00,2026-04-28 08:43:00+00:00,2026-04-28,1,LONG,400,60,15,-1,-70,71597,core_plus_rsi_london_spread_23
ict_reversal_core,2026-04-28 13:00:00+00:00,2026-04-28 13:03:00+00:00,2026-04-28,1,LONG,450,80,15,-1,-90,71855,core_plus_rsi_london_spread_23
rsi_sweep_london,2026-04-29 08:35:00+00:00,2026-04-29 08:38:00+00:00,2026-04-29,1,LONG,400,60,15,-1,-70,72968,core_plus_rsi_london_spread_23
rsi_sweep_london,2026-04-30 07:01:00+00:00,2026-04-30 07:02:00+00:00,2026-04-30,1,LONG,400,60,15,-1,-70,74252,core_plus_rsi_london_spread_23
rsi_sweep_london,2026-04-30 07:28:00+00:00,2026-04-30 07:30:00+00:00,2026-04-30,1,LONG,400,60,15,-1,-70,74279,core_plus_rsi_london_spread_23
rsi_sweep_london,2026-04-30 07:35:00+00:00,2026-04-30 07:45:00+00:00,2026-04-30,1,LONG,400,60,15,1,390,74286,core_plus_rsi_london_spread_23
rsi_sweep_london,2026-04-30 08:48:00+00:00,2026-04-30 08:51:00+00:00,2026-04-30,-1,SHORT,400,60,15,-1,-70,74359,core_plus_rsi_london_spread_23
rsi_sweep_london,2026-04-30 08:49:00+00:00,2026-04-30 08:50:00+00:00,2026-04-30,-1,SHORT,400,60,15,-1,-70,74360,core_plus_rsi_london_spread_23
rsi_sweep_london,2026-04-30 08:50:00+00:00,2026-04-30 08:51:00+00:00,2026-04-30,-1,SHORT,400,60,15,-1,-70,74361,core_plus_rsi_london_spread_23
rsi_sweep_london,2026-05-01 07:31:00+00:00,2026-05-01 07:32:00+00:00,2026-05-01,1,LONG,400,60,15,-1,-70,75660,core_plus_rsi_london_spread_23
rsi_sweep_london,2026-05-01 07:33:00+00:00,2026-05-01 07:34:00+00:00,2026-05-01,1,LONG,400,60,15,-1,-70,75662,core_plus_rsi_london_spread_23
rsi_sweep_london,2026-05-01 09:18:00+00:00,2026-05-01 09:19:00+00:00,2026-05-01,1,LONG,400,60,15,-1,-70,75767,core_plus_rsi_london_spread_23
rsi_sweep_london,2026-05-01 09:22:00+00:00,2026-05-01 09:27:00+00:00,2026-05-01,1,LONG,400,60,15,-1,-70,75771,core_plus_rsi_london_spread_23
rsi_sweep_london,2026-05-01 09:31:00+00:00,2026-05-01 09:36:00+00:00,2026-05-01,1,LONG,400,60,15,1,390,75780,core_plus_rsi_london_spread_23
ict_reversal_core,2026-05-01 14:02:00+00:00,2026-05-01 14:05:00+00:00,2026-05-01,1,LONG,450,80,15,-1,-90,76051,core_plus_rsi_london_spread_23
ict_reversal_core,2026-05-01 16:17:00+00:00,2026-05-01 16:18:00+00:00,2026-05-01,1,LONG,450,80,15,-1,-90,76186,core_plus_rsi_london_spread_23
rsi_sweep_london,2026-05-04 08:33:00+00:00,2026-05-04 08:34:00+00:00,2026-05-04,1,LONG,400,60,15,-1,-70,77099,core_plus_rsi_london_spread_23
rsi_sweep_london,2026-05-05 09:55:00+00:00,2026-05-05 10:00:00+00:00,2026-05-05,-1,SHORT,400,60,15,-1,-70,78559,core_plus_rsi_london_spread_23
ict_reversal_core,2026-05-05 15:30:00+00:00,2026-05-05 15:34:00+00:00,2026-05-05,-1,SHORT,450,80,15,-1,-90,78894,core_plus_rsi_london_spread_23
rsi_sweep_london,2026-05-06 07:29:00+00:00,2026-05-06 07:38:00+00:00,2026-05-06,-1,SHORT,400,60,15,1,390,79791,core_plus_rsi_london_spread_23
rsi_sweep_london,2026-05-06 09:01:00+00:00,2026-05-06 09:03:00+00:00,2026-05-06,-1,SHORT,400,60,15,-1,-70,79883,core_plus_rsi_london_spread_23
ict_reversal_core,2026-05-06 14:31:00+00:00,2026-05-06 14:34:00+00:00,2026-05-06,1,LONG,450,80,15,1,440,80213,core_plus_rsi_london_spread_23
rsi_sweep_london,2026-05-07 09:21:00+00:00,2026-05-07 09:22:00+00:00,2026-05-07,-1,SHORT,400,60,15,-1,-70,81281,core_plus_rsi_london_spread_23
rsi_sweep_london,2026-05-07 09:27:00+00:00,2026-05-07 09:28:00+00:00,2026-05-07,-1,SHORT,400,60,15,-1,-70,81287,core_plus_rsi_london_spread_23
ict_reversal_core,2026-05-07 15:50:00+00:00,2026-05-07 15:51:00+00:00,2026-05-07,-1,SHORT,450,80,15,-1,-90,81670,core_plus_rsi_london_spread_23
ict_reversal_core,2026-05-07 16:46:00+00:00,2026-05-07 16:47:00+00:00,2026-05-07,1,LONG,450,80,15,-1,-90,81726,core_plus_rsi_london_spread_23
ict_reversal_core,2026-05-08 15:44:00+00:00,2026-05-08 15:45:00+00:00,2026-05-08,-1,SHORT,450,80,15,-1,-90,83042,core_plus_rsi_london_spread_23
rsi_sweep_london,2026-05-11 07:03:00+00:00,2026-05-11 07:04:00+00:00,2026-05-11,1,LONG,400,60,15,-1,-70,83898,core_plus_rsi_london_spread_23
rsi_sweep_london,2026-05-11 08:44:00+00:00,2026-05-11 08:45:00+00:00,2026-05-11,1,LONG,400,60,15,-1,-70,83999,core_plus_rsi_london_spread_23
rsi_sweep_london,2026-05-11 08:46:00+00:00,2026-05-11 08:47:00+00:00,2026-05-11,1,LONG,400,60,15,-1,-70,84001,core_plus_rsi_london_spread_23
rsi_sweep_london,2026-05-11 08:56:00+00:00,2026-05-11 08:57:00+00:00,2026-05-11,1,LONG,400,60,15,1,390,84011,core_plus_rsi_london_spread_23
rsi_sweep_london,2026-05-12 07:17:00+00:00,2026-05-12 07:20:00+00:00,2026-05-12,-1,SHORT,400,60,15,1,390,85290,core_plus_rsi_london_spread_23
rsi_sweep_london,2026-05-12 07:55:00+00:00,2026-05-12 07:56:00+00:00,2026-05-12,1,LONG,400,60,15,-1,-70,85328,core_plus_rsi_london_spread_23
rsi_sweep_london,2026-05-13 07:23:00+00:00,2026-05-13 07:35:00+00:00,2026-05-13,-1,SHORT,400,60,15,1,390,86674,core_plus_rsi_london_spread_23
rsi_sweep_london,2026-05-13 09:05:00+00:00,2026-05-13 09:08:00+00:00,2026-05-13,-1,SHORT,400,60,15,-1,-70,86776,core_plus_rsi_london_spread_23
rsi_sweep_london,2026-05-13 09:16:00+00:00,2026-05-13 09:17:00+00:00,2026-05-13,-1,SHORT,400,60,15,-1,-70,86787,core_plus_rsi_london_spread_23
rsi_sweep_london,2026-05-13 09:57:00+00:00,2026-05-13 10:00:00+00:00,2026-05-13,1,LONG,400,60,15,1,390,86828,core_plus_rsi_london_spread_23
rsi_sweep_london,2026-05-14 07:22:00+00:00,2026-05-14 07:23:00+00:00,2026-05-14,-1,SHORT,400,60,15,-1,-70,88051,core_plus_rsi_london_spread_23
rsi_sweep_london,2026-05-14 07:35:00+00:00,2026-05-14 07:36:00+00:00,2026-05-14,-1,SHORT,400,60,15,-1,-70,88064,core_plus_rsi_london_spread_23
rsi_sweep_london,2026-05-14 07:36:00+00:00,2026-05-14 07:40:00+00:00,2026-05-14,-1,SHORT,400,60,15,1,390,88065,core_plus_rsi_london_spread_23
rsi_sweep_london,2026-05-14 08:28:00+00:00,2026-05-14 08:30:00+00:00,2026-05-14,1,LONG,400,60,15,1,390,88117,core_plus_rsi_london_spread_23
ict_reversal_core,2026-05-14 13:10:00+00:00,2026-05-14 13:11:00+00:00,2026-05-14,1,LONG,450,80,15,1,440,88399,core_plus_rsi_london_spread_23
ict_reversal_core,2026-05-14 14:49:00+00:00,2026-05-14 14:50:00+00:00,2026-05-14,-1,SHORT,450,80,15,-1,-90,88498,core_plus_rsi_london_spread_23
rsi_sweep_london,2026-05-15 08:13:00+00:00,2026-05-15 08:14:00+00:00,2026-05-15,1,LONG,400,60,15,-1,-70,89480,core_plus_rsi_london_spread_23
rsi_sweep_london,2026-05-15 08:20:00+00:00,2026-05-15 08:21:00+00:00,2026-05-15,1,LONG,400,60,15,1,390,89487,core_plus_rsi_london_spread_23
rsi_sweep_london,2026-05-15 08:33:00+00:00,2026-05-15 08:34:00+00:00,2026-05-15,1,LONG,400,60,15,-1,-70,89500,core_plus_rsi_london_spread_23
rsi_sweep_london,2026-05-15 08:36:00+00:00,2026-05-15 08:37:00+00:00,2026-05-15,1,LONG,400,60,15,-1,-70,89503,core_plus_rsi_london_spread_23
ict_reversal_core,2026-05-15 13:44:00+00:00,2026-05-15 13:45:00+00:00,2026-05-15,1,LONG,450,80,15,-1,-90,89811,core_plus_rsi_london_spread_23
ict_reversal_core,2026-05-15 15:15:00+00:00,2026-05-15 15:16:00+00:00,2026-05-15,1,LONG,450,80,15,-1,-90,89902,core_plus_rsi_london_spread_23
rsi_sweep_london,2026-05-18 07:29:00+00:00,2026-05-18 07:30:00+00:00,2026-05-18,1,LONG,400,60,15,1,390,90813,core_plus_rsi_london_spread_23
ict_reversal_core,2026-05-18 16:43:00+00:00,2026-05-18 16:44:00+00:00,2026-05-18,1,LONG,450,80,15,-1,-90,91367,core_plus_rsi_london_spread_23
ict_reversal_core,2026-05-19 13:38:00+00:00,2026-05-19 13:39:00+00:00,2026-05-19,-1,SHORT,450,80,15,-1,-90,92560,core_plus_rsi_london_spread_23
ict_reversal_core,2026-05-19 15:01:00+00:00,2026-05-19 15:05:00+00:00,2026-05-19,1,LONG,450,80,15,1,440,92643,core_plus_rsi_london_spread_23
rsi_sweep_london,2026-05-20 08:22:00+00:00,2026-05-20 08:23:00+00:00,2026-05-20,-1,SHORT,400,60,15,-1,-70,93622,core_plus_rsi_london_spread_23
ict_reversal_core,2026-05-20 16:00:00+00:00,2026-05-20 16:01:00+00:00,2026-05-20,1,LONG,450,80,15,-1,-90,94080,core_plus_rsi_london_spread_23
ict_reversal_core,2026-05-20 17:17:00+00:00,2026-05-20 17:18:00+00:00,2026-05-20,-1,SHORT,450,80,15,-1,-90,94157,core_plus_rsi_london_spread_23
rsi_sweep_london,2026-05-21 08:10:00+00:00,2026-05-21 08:11:00+00:00,2026-05-21,1,LONG,400,60,15,-1,-70,94988,core_plus_rsi_london_spread_23
rsi_sweep_london,2026-05-21 08:17:00+00:00,2026-05-21 08:18:00+00:00,2026-05-21,1,LONG,400,60,15,-1,-70,94995,core_plus_rsi_london_spread_23
rsi_sweep_london,2026-05-21 08:20:00+00:00,2026-05-21 08:21:00+00:00,2026-05-21,1,LONG,400,60,15,-1,-70,94998,core_plus_rsi_london_spread_23
rsi_sweep_london,2026-05-21 08:21:00+00:00,2026-05-21 08:22:00+00:00,2026-05-21,1,LONG,400,60,15,-1,-70,94999,core_plus_rsi_london_spread_23
rsi_sweep_london,2026-05-21 08:22:00+00:00,2026-05-21 08:24:00+00:00,2026-05-21,1,LONG,400,60,15,-1,-70,95000,core_plus_rsi_london_spread_23
rsi_sweep_london,2026-05-21 08:24:00+00:00,2026-05-21 08:26:00+00:00,2026-05-21,1,LONG,400,60,15,-1,-70,95002,core_plus_rsi_london_spread_23
rsi_sweep_london,2026-05-21 08:25:00+00:00,2026-05-21 08:26:00+00:00,2026-05-21,1,LONG,400,60,15,-1,-70,95003,core_plus_rsi_london_spread_23
ict_reversal_core,2026-05-21 13:27:00+00:00,2026-05-21 13:28:00+00:00,2026-05-21,1,LONG,450,80,15,-1,-90,95305,core_plus_rsi_london_spread_23
rsi_sweep_london,2026-05-22 08:58:00+00:00,2026-05-22 08:59:00+00:00,2026-05-22,1,LONG,400,60,15,-1,-70,96414,core_plus_rsi_london_spread_23
ict_reversal_core,2026-05-22 16:00:00+00:00,2026-05-22 16:01:00+00:00,2026-05-22,-1,SHORT,450,80,15,-1,-90,96836,core_plus_rsi_london_spread_23
rsi_sweep_london,2026-05-25 08:25:00+00:00,2026-05-25 08:26:00+00:00,2026-05-25,1,LONG,400,60,15,-1,-70,97758,core_plus_rsi_london_spread_23
rsi_sweep_london,2026-05-25 09:59:00+00:00,2026-05-25 10:02:00+00:00,2026-05-25,-1,SHORT,400,60,15,-1,-70,97852,core_plus_rsi_london_spread_23
rsi_sweep_london,2026-05-26 07:31:00+00:00,2026-05-26 07:34:00+00:00,2026-05-26,1,LONG,400,60,15,-1,-70,98934,core_plus_rsi_london_spread_23
rsi_sweep_london,2026-05-26 07:34:00+00:00,2026-05-26 07:36:00+00:00,2026-05-26,1,LONG,400,60,15,-1,-70,98937,core_plus_rsi_london_spread_23
rsi_sweep_london,2026-05-26 07:42:00+00:00,2026-05-26 07:44:00+00:00,2026-05-26,1,LONG,400,60,15,-1,-70,98945,core_plus_rsi_london_spread_23
rsi_sweep_london,2026-02-12 08:31:00+00:00,2026-02-12 08:32:00+00:00,2026-02-12,1,LONG,400,60,15,-1,-70,109,core_plus_rsi_london_spread_25
rsi_sweep_london,2026-02-12 08:34:00+00:00,2026-02-12 08:35:00+00:00,2026-02-12,1,LONG,400,60,15,-1,-70,112,core_plus_rsi_london_spread_25
rsi_sweep_london,2026-02-12 08:35:00+00:00,2026-02-12 08:36:00+00:00,2026-02-12,1,LONG,400,60,15,-1,-70,113,core_plus_rsi_london_spread_25
rsi_sweep_london,2026-02-12 10:07:00+00:00,2026-02-12 10:08:00+00:00,2026-02-12,-1,SHORT,400,60,15,-1,-70,205,core_plus_rsi_london_spread_25
rsi_sweep_london,2026-02-12 10:10:00+00:00,2026-02-12 10:13:00+00:00,2026-02-12,-1,SHORT,400,60,15,1,390,208,core_plus_rsi_london_spread_25
ict_reversal_core,2026-02-12 15:57:00+00:00,2026-02-12 16:00:00+00:00,2026-02-12,-1,SHORT,450,80,15,1,440,555,core_plus_rsi_london_spread_25
rsi_sweep_london,2026-02-16 09:41:00+00:00,2026-02-16 09:42:00+00:00,2026-02-16,-1,SHORT,400,60,15,-1,-70,2934,core_plus_rsi_london_spread_25
ict_reversal_core,2026-02-16 15:48:00+00:00,2026-02-16 15:51:00+00:00,2026-02-16,1,LONG,450,80,15,1,440,3301,core_plus_rsi_london_spread_25
ict_reversal_core,2026-02-16 16:17:00+00:00,2026-02-16 16:20:00+00:00,2026-02-16,-1,SHORT,450,80,15,1,440,3330,core_plus_rsi_london_spread_25
rsi_sweep_london,2026-02-17 08:39:00+00:00,2026-02-17 08:40:00+00:00,2026-02-17,-1,SHORT,400,60,15,-1,-70,4102,core_plus_rsi_london_spread_25
rsi_sweep_london,2026-02-17 08:41:00+00:00,2026-02-17 08:47:00+00:00,2026-02-17,-1,SHORT,400,60,15,1,390,4104,core_plus_rsi_london_spread_25
ict_reversal_core,2026-02-17 15:20:00+00:00,2026-02-17 15:21:00+00:00,2026-02-17,1,LONG,450,80,15,-1,-90,4503,core_plus_rsi_london_spread_25
ict_reversal_core,2026-02-17 18:31:00+00:00,2026-02-17 18:32:00+00:00,2026-02-17,1,LONG,450,80,15,-1,-90,4694,core_plus_rsi_london_spread_25
rsi_sweep_london,2026-02-18 08:13:00+00:00,2026-02-18 08:17:00+00:00,2026-02-18,1,LONG,400,60,15,-1,-70,5454,core_plus_rsi_london_spread_25
rsi_sweep_london,2026-02-18 09:54:00+00:00,2026-02-18 09:58:00+00:00,2026-02-18,1,LONG,400,60,15,-1,-70,5555,core_plus_rsi_london_spread_25
rsi_sweep_london,2026-02-18 10:46:00+00:00,2026-02-18 10:50:00+00:00,2026-02-18,1,LONG,400,60,15,-1,-70,5607,core_plus_rsi_london_spread_25
ict_reversal_core,2026-02-18 14:13:00+00:00,2026-02-18 14:14:00+00:00,2026-02-18,-1,SHORT,450,80,15,-1,-90,5814,core_plus_rsi_london_spread_25
rsi_sweep_london,2026-02-19 08:36:00+00:00,2026-02-19 08:38:00+00:00,2026-02-19,-1,SHORT,400,60,15,-1,-70,6855,core_plus_rsi_london_spread_25
rsi_sweep_london,2026-02-19 08:37:00+00:00,2026-02-19 08:41:00+00:00,2026-02-19,-1,SHORT,400,60,15,-1,-70,6856,core_plus_rsi_london_spread_25
rsi_sweep_london,2026-02-19 08:38:00+00:00,2026-02-19 08:41:00+00:00,2026-02-19,-1,SHORT,400,60,15,-1,-70,6857,core_plus_rsi_london_spread_25
rsi_sweep_london,2026-02-19 08:49:00+00:00,2026-02-19 08:50:00+00:00,2026-02-19,-1,SHORT,400,60,15,-1,-70,6868,core_plus_rsi_london_spread_25
rsi_sweep_london,2026-02-19 08:51:00+00:00,2026-02-19 08:52:00+00:00,2026-02-19,-1,SHORT,400,60,15,-1,-70,6870,core_plus_rsi_london_spread_25
rsi_sweep_london,2026-02-19 08:52:00+00:00,2026-02-19 08:53:00+00:00,2026-02-19,-1,SHORT,400,60,15,-1,-70,6871,core_plus_rsi_london_spread_25
rsi_sweep_london,2026-02-19 08:55:00+00:00,2026-02-19 08:59:00+00:00,2026-02-19,-1,SHORT,400,60,15,-1,-70,6874,core_plus_rsi_london_spread_25
rsi_sweep_london,2026-02-19 08:59:00+00:00,2026-02-19 09:05:00+00:00,2026-02-19,-1,SHORT,400,60,15,-1,-70,6878,core_plus_rsi_london_spread_25
rsi_sweep_london,2026-02-19 09:03:00+00:00,2026-02-19 09:05:00+00:00,2026-02-19,-1,SHORT,400,60,15,-1,-70,6882,core_plus_rsi_london_spread_25
ict_reversal_core,2026-02-19 14:32:00+00:00,2026-02-19 14:36:00+00:00,2026-02-19,-1,SHORT,450,80,15,1,440,7211,core_plus_rsi_london_spread_25
ict_reversal_core,2026-02-19 18:58:00+00:00,2026-02-19 18:59:00+00:00,2026-02-19,1,LONG,450,80,15,-1,-90,7477,core_plus_rsi_london_spread_25
rsi_sweep_london,2026-02-20 08:02:00+00:00,2026-02-20 08:10:00+00:00,2026-02-20,-1,SHORT,400,60,15,-1,-70,8199,core_plus_rsi_london_spread_25
rsi_sweep_london,2026-02-20 09:25:00+00:00,2026-02-20 09:26:00+00:00,2026-02-20,1,LONG,400,60,15,-1,-70,8282,core_plus_rsi_london_spread_25
rsi_sweep_london,2026-02-20 09:27:00+00:00,2026-02-20 09:38:00+00:00,2026-02-20,1,LONG,400,60,15,1,390,8284,core_plus_rsi_london_spread_25
ict_reversal_core,2026-02-20 16:30:00+00:00,2026-02-20 16:31:00+00:00,2026-02-20,1,LONG,450,80,15,-1,-90,8707,core_plus_rsi_london_spread_25
rsi_sweep_london,2026-02-23 09:04:00+00:00,2026-02-23 09:05:00+00:00,2026-02-23,1,LONG,400,60,15,-1,-70,9638,core_plus_rsi_london_spread_25
rsi_sweep_london,2026-02-23 09:05:00+00:00,2026-02-23 09:06:00+00:00,2026-02-23,1,LONG,400,60,15,1,390,9639,core_plus_rsi_london_spread_25
rsi_sweep_london,2026-02-23 10:31:00+00:00,2026-02-23 10:32:00+00:00,2026-02-23,1,LONG,400,60,15,1,390,9725,core_plus_rsi_london_spread_25
ict_reversal_core,2026-02-23 14:29:00+00:00,2026-02-23 14:38:00+00:00,2026-02-23,1,LONG,450,80,15,1,440,9963,core_plus_rsi_london_spread_25
rsi_sweep_london,2026-02-24 08:36:00+00:00,2026-02-24 08:37:00+00:00,2026-02-24,1,LONG,400,60,15,1,390,10988,core_plus_rsi_london_spread_25
ict_reversal_core,2026-02-24 16:31:00+00:00,2026-02-24 16:32:00+00:00,2026-02-24,-1,SHORT,450,80,15,-1,-90,11463,core_plus_rsi_london_spread_25
ict_reversal_core,2026-02-26 16:01:00+00:00,2026-02-26 16:02:00+00:00,2026-02-26,1,LONG,450,80,15,-1,-90,14189,core_plus_rsi_london_spread_25
ict_reversal_core,2026-02-26 16:31:00+00:00,2026-02-26 16:32:00+00:00,2026-02-26,1,LONG,450,80,15,-1,-90,14219,core_plus_rsi_london_spread_25
rsi_sweep_london,2026-02-27 09:00:00+00:00,2026-02-27 09:01:00+00:00,2026-02-27,1,LONG,400,60,15,-1,-70,15146,core_plus_rsi_london_spread_25
rsi_sweep_london,2026-03-02 08:10:00+00:00,2026-03-02 08:11:00+00:00,2026-03-02,-1,SHORT,400,60,15,-1,-70,16473,core_plus_rsi_london_spread_25
rsi_sweep_london,2026-03-02 09:14:00+00:00,2026-03-02 09:15:00+00:00,2026-03-02,-1,SHORT,400,60,15,-1,-70,16537,core_plus_rsi_london_spread_25
rsi_sweep_london,2026-03-02 09:20:00+00:00,2026-03-02 09:21:00+00:00,2026-03-02,-1,SHORT,400,60,15,-1,-70,16543,core_plus_rsi_london_spread_25
ict_reversal_core,2026-03-02 17:47:00+00:00,2026-03-02 17:48:00+00:00,2026-03-02,1,LONG,450,80,15,-1,-90,17050,core_plus_rsi_london_spread_25
rsi_sweep_london,2026-03-03 10:33:00+00:00,2026-03-03 10:34:00+00:00,2026-03-03,1,LONG,400,60,15,-1,-70,17976,core_plus_rsi_london_spread_25
ict_reversal_core,2026-03-03 16:25:00+00:00,2026-03-03 16:26:00+00:00,2026-03-03,1,LONG,450,80,15,-1,-90,18328,core_plus_rsi_london_spread_25
rsi_sweep_london,2026-03-04 09:09:00+00:00,2026-03-04 09:10:00+00:00,2026-03-04,-1,SHORT,400,60,15,-1,-70,19270,core_plus_rsi_london_spread_25
ict_reversal_core,2026-03-04 14:04:00+00:00,2026-03-04 14:11:00+00:00,2026-03-04,-1,SHORT,450,80,15,1,440,19565,core_plus_rsi_london_spread_25
ict_reversal_core,2026-03-04 15:01:00+00:00,2026-03-04 15:02:00+00:00,2026-03-04,-1,SHORT,450,80,15,-1,-90,19622,core_plus_rsi_london_spread_25
ict_reversal_core,2026-03-04 15:53:00+00:00,2026-03-04 15:54:00+00:00,2026-03-04,1,LONG,450,80,15,-1,-90,19674,core_plus_rsi_london_spread_25
rsi_sweep_london,2026-03-05 08:00:00+00:00,2026-03-05 08:01:00+00:00,2026-03-05,1,LONG,400,60,15,-1,-70,20579,core_plus_rsi_london_spread_25
rsi_sweep_london,2026-03-05 08:01:00+00:00,2026-03-05 08:02:00+00:00,2026-03-05,1,LONG,400,60,15,1,390,20580,core_plus_rsi_london_spread_25
rsi_sweep_london,2026-03-05 08:07:00+00:00,2026-03-05 08:08:00+00:00,2026-03-05,1,LONG,400,60,15,-1,-70,20586,core_plus_rsi_london_spread_25
rsi_sweep_london,2026-03-05 10:10:00+00:00,2026-03-05 10:12:00+00:00,2026-03-05,1,LONG,400,60,15,-1,-70,20709,core_plus_rsi_london_spread_25
rsi_sweep_london,2026-03-05 10:15:00+00:00,2026-03-05 10:17:00+00:00,2026-03-05,1,LONG,400,60,15,-1,-70,20714,core_plus_rsi_london_spread_25
rsi_sweep_london,2026-03-05 10:47:00+00:00,2026-03-05 10:48:00+00:00,2026-03-05,-1,SHORT,400,60,15,-1,-70,20746,core_plus_rsi_london_spread_25
rsi_sweep_london,2026-03-05 10:49:00+00:00,2026-03-05 10:53:00+00:00,2026-03-05,-1,SHORT,400,60,15,1,390,20748,core_plus_rsi_london_spread_25
ict_reversal_core,2026-03-06 14:34:00+00:00,2026-03-06 14:35:00+00:00,2026-03-06,1,LONG,450,80,15,-1,-90,22351,core_plus_rsi_london_spread_25
ict_reversal_core,2026-03-06 15:31:00+00:00,2026-03-06 15:32:00+00:00,2026-03-06,-1,SHORT,450,80,15,-1,-90,22408,core_plus_rsi_london_spread_25
ict_reversal_core,2026-03-06 17:03:00+00:00,2026-03-06 17:04:00+00:00,2026-03-06,-1,SHORT,450,80,15,-1,-90,22500,core_plus_rsi_london_spread_25
rsi_sweep_london,2026-03-09 09:44:00+00:00,2026-03-09 09:46:00+00:00,2026-03-09,1,LONG,400,60,15,-1,-70,23438,core_plus_rsi_london_spread_25
rsi_sweep_london,2026-03-09 09:54:00+00:00,2026-03-09 09:57:00+00:00,2026-03-09,1,LONG,400,60,15,1,390,23448,core_plus_rsi_london_spread_25
rsi_sweep_london,2026-03-10 08:13:00+00:00,2026-03-10 08:14:00+00:00,2026-03-10,-1,SHORT,400,60,15,-1,-70,24725,core_plus_rsi_london_spread_25
rsi_sweep_london,2026-03-10 08:15:00+00:00,2026-03-10 08:16:00+00:00,2026-03-10,-1,SHORT,400,60,15,-1,-70,24727,core_plus_rsi_london_spread_25
rsi_sweep_london,2026-03-10 10:24:00+00:00,2026-03-10 10:26:00+00:00,2026-03-10,1,LONG,400,60,15,1,390,24856,core_plus_rsi_london_spread_25
rsi_sweep_london,2026-03-11 09:17:00+00:00,2026-03-11 09:19:00+00:00,2026-03-11,-1,SHORT,400,60,15,1,390,26167,core_plus_rsi_london_spread_25
rsi_sweep_london,2026-03-11 10:39:00+00:00,2026-03-11 10:40:00+00:00,2026-03-11,1,LONG,400,60,15,-1,-70,26249,core_plus_rsi_london_spread_25
ict_reversal_core,2026-03-11 16:52:00+00:00,2026-03-11 16:54:00+00:00,2026-03-11,1,LONG,450,80,15,1,440,26622,core_plus_rsi_london_spread_25
rsi_sweep_london,2026-03-12 09:42:00+00:00,2026-03-12 09:43:00+00:00,2026-03-12,-1,SHORT,400,60,15,-1,-70,27570,core_plus_rsi_london_spread_25
rsi_sweep_london,2026-03-12 09:43:00+00:00,2026-03-12 09:44:00+00:00,2026-03-12,-1,SHORT,400,60,15,-1,-70,27571,core_plus_rsi_london_spread_25
rsi_sweep_london,2026-03-12 09:46:00+00:00,2026-03-12 09:47:00+00:00,2026-03-12,-1,SHORT,400,60,15,-1,-70,27574,core_plus_rsi_london_spread_25
rsi_sweep_london,2026-03-12 09:50:00+00:00,2026-03-12 09:53:00+00:00,2026-03-12,-1,SHORT,400,60,15,-1,-70,27578,core_plus_rsi_london_spread_25
ict_reversal_core,2026-03-12 14:45:00+00:00,2026-03-12 14:46:00+00:00,2026-03-12,-1,SHORT,450,80,15,-1,-90,27873,core_plus_rsi_london_spread_25
rsi_sweep_london,2026-03-13 08:46:00+00:00,2026-03-13 08:49:00+00:00,2026-03-13,1,LONG,400,60,15,1,390,28892,core_plus_rsi_london_spread_25
rsi_sweep_london,2026-03-13 10:20:00+00:00,2026-03-13 10:21:00+00:00,2026-03-13,1,LONG,400,60,15,-1,-70,28986,core_plus_rsi_london_spread_25
rsi_sweep_london,2026-03-13 10:23:00+00:00,2026-03-13 10:24:00+00:00,2026-03-13,1,LONG,400,60,15,1,390,28989,core_plus_rsi_london_spread_25
rsi_sweep_london,2026-03-16 09:19:00+00:00,2026-03-16 09:20:00+00:00,2026-03-16,-1,SHORT,400,60,15,-1,-70,30302,core_plus_rsi_london_spread_25
rsi_sweep_london,2026-03-16 09:49:00+00:00,2026-03-16 09:50:00+00:00,2026-03-16,1,LONG,400,60,15,-1,-70,30332,core_plus_rsi_london_spread_25
rsi_sweep_london,2026-03-16 09:52:00+00:00,2026-03-16 09:56:00+00:00,2026-03-16,1,LONG,400,60,15,1,390,30335,core_plus_rsi_london_spread_25
rsi_sweep_london,2026-03-17 08:58:00+00:00,2026-03-17 08:59:00+00:00,2026-03-17,1,LONG,400,60,15,-1,-70,31659,core_plus_rsi_london_spread_25
rsi_sweep_london,2026-03-17 09:00:00+00:00,2026-03-17 09:01:00+00:00,2026-03-17,1,LONG,400,60,15,-1,-70,31661,core_plus_rsi_london_spread_25
rsi_sweep_london,2026-03-17 09:07:00+00:00,2026-03-17 09:08:00+00:00,2026-03-17,1,LONG,400,60,15,-1,-70,31668,core_plus_rsi_london_spread_25
rsi_sweep_london,2026-03-17 09:08:00+00:00,2026-03-17 09:09:00+00:00,2026-03-17,1,LONG,400,60,15,-1,-70,31669,core_plus_rsi_london_spread_25
rsi_sweep_london,2026-03-17 09:09:00+00:00,2026-03-17 09:10:00+00:00,2026-03-17,1,LONG,400,60,15,-1,-70,31670,core_plus_rsi_london_spread_25
rsi_sweep_london,2026-03-17 10:36:00+00:00,2026-03-17 10:37:00+00:00,2026-03-17,-1,SHORT,400,60,15,-1,-70,31757,core_plus_rsi_london_spread_25
rsi_sweep_london,2026-03-17 10:40:00+00:00,2026-03-17 10:44:00+00:00,2026-03-17,-1,SHORT,400,60,15,1,390,31761,core_plus_rsi_london_spread_25
rsi_sweep_london,2026-03-18 09:15:00+00:00,2026-03-18 09:16:00+00:00,2026-03-18,-1,SHORT,400,60,15,-1,-70,33054,core_plus_rsi_london_spread_25
rsi_sweep_london,2026-03-18 09:16:00+00:00,2026-03-18 09:17:00+00:00,2026-03-18,-1,SHORT,400,60,15,-1,-70,33055,core_plus_rsi_london_spread_25
rsi_sweep_london,2026-03-18 09:18:00+00:00,2026-03-18 09:30:00+00:00,2026-03-18,-1,SHORT,400,60,15,-1,-70,33057,core_plus_rsi_london_spread_25
rsi_sweep_london,2026-03-18 10:47:00+00:00,2026-03-18 10:48:00+00:00,2026-03-18,1,LONG,400,60,15,-1,-70,33146,core_plus_rsi_london_spread_25
rsi_sweep_london,2026-03-18 10:52:00+00:00,2026-03-18 10:53:00+00:00,2026-03-18,1,LONG,400,60,15,-1,-70,33151,core_plus_rsi_london_spread_25
ict_reversal_core,2026-03-18 14:30:00+00:00,2026-03-18 14:32:00+00:00,2026-03-18,1,LONG,450,80,15,1,440,33369,core_plus_rsi_london_spread_25
ict_reversal_core,2026-03-18 18:01:00+00:00,2026-03-18 18:02:00+00:00,2026-03-18,-1,SHORT,450,80,15,-1,-90,33580,core_plus_rsi_london_spread_25
rsi_sweep_london,2026-03-19 08:32:00+00:00,2026-03-19 08:33:00+00:00,2026-03-19,1,LONG,400,60,15,-1,-70,34389,core_plus_rsi_london_spread_25
rsi_sweep_london,2026-03-19 08:34:00+00:00,2026-03-19 08:35:00+00:00,2026-03-19,1,LONG,400,60,15,-1,-70,34391,core_plus_rsi_london_spread_25
rsi_sweep_london,2026-03-19 08:45:00+00:00,2026-03-19 08:46:00+00:00,2026-03-19,1,LONG,400,60,15,-1,-70,34402,core_plus_rsi_london_spread_25
rsi_sweep_london,2026-03-20 08:32:00+00:00,2026-03-20 08:33:00+00:00,2026-03-20,1,LONG,400,60,15,-1,-70,35767,core_plus_rsi_london_spread_25
rsi_sweep_london,2026-03-20 08:33:00+00:00,2026-03-20 08:34:00+00:00,2026-03-20,1,LONG,400,60,15,-1,-70,35768,core_plus_rsi_london_spread_25
rsi_sweep_london,2026-03-20 08:59:00+00:00,2026-03-20 09:00:00+00:00,2026-03-20,1,LONG,400,60,15,-1,-70,35794,core_plus_rsi_london_spread_25
rsi_sweep_london,2026-03-20 10:40:00+00:00,2026-03-20 10:41:00+00:00,2026-03-20,-1,SHORT,400,60,15,-1,-70,35895,core_plus_rsi_london_spread_25
ict_reversal_core,2026-03-20 17:19:00+00:00,2026-03-20 17:20:00+00:00,2026-03-20,1,LONG,450,80,15,-1,-90,36294,core_plus_rsi_london_spread_25
ict_reversal_core,2026-03-24 14:01:00+00:00,2026-03-24 14:02:00+00:00,2026-03-24,-1,SHORT,450,80,15,-1,-90,38851,core_plus_rsi_london_spread_25
rsi_sweep_london,2026-03-25 10:19:00+00:00,2026-03-25 10:20:00+00:00,2026-03-25,-1,SHORT,400,60,15,-1,-70,40007,core_plus_rsi_london_spread_25
ict_reversal_core,2026-03-25 18:18:00+00:00,2026-03-25 18:19:00+00:00,2026-03-25,1,LONG,450,80,15,-1,-90,40486,core_plus_rsi_london_spread_25
rsi_sweep_london,2026-03-26 08:14:00+00:00,2026-03-26 08:16:00+00:00,2026-03-26,1,LONG,400,60,15,-1,-70,41260,core_plus_rsi_london_spread_25
rsi_sweep_london,2026-03-26 08:17:00+00:00,2026-03-26 08:18:00+00:00,2026-03-26,1,LONG,400,60,15,-1,-70,41263,core_plus_rsi_london_spread_25
ict_reversal_core,2026-03-26 14:01:00+00:00,2026-03-26 14:02:00+00:00,2026-03-26,-1,SHORT,450,80,15,-1,-90,41607,core_plus_rsi_london_spread_25
rsi_sweep_london,2026-03-27 08:40:00+00:00,2026-03-27 08:41:00+00:00,2026-03-27,-1,SHORT,400,60,15,1,390,42664,core_plus_rsi_london_spread_25
rsi_sweep_london,2026-03-27 10:03:00+00:00,2026-03-27 10:04:00+00:00,2026-03-27,1,LONG,400,60,15,-1,-70,42747,core_plus_rsi_london_spread_25
rsi_sweep_london,2026-03-30 07:06:00+00:00,2026-03-30 07:07:00+00:00,2026-03-30,1,LONG,400,60,15,-1,-70,43947,core_plus_rsi_london_spread_25
rsi_sweep_london,2026-03-30 07:08:00+00:00,2026-03-30 07:10:00+00:00,2026-03-30,1,LONG,400,60,15,-1,-70,43949,core_plus_rsi_london_spread_25
rsi_sweep_london,2026-03-30 07:14:00+00:00,2026-03-30 07:21:00+00:00,2026-03-30,1,LONG,400,60,15,1,390,43955,core_plus_rsi_london_spread_25
rsi_sweep_london,2026-03-30 08:00:00+00:00,2026-03-30 08:01:00+00:00,2026-03-30,-1,SHORT,400,60,15,-1,-70,44001,core_plus_rsi_london_spread_25
rsi_sweep_london,2026-03-30 08:02:00+00:00,2026-03-30 08:03:00+00:00,2026-03-30,-1,SHORT,400,60,15,-1,-70,44003,core_plus_rsi_london_spread_25
rsi_sweep_london,2026-03-30 08:13:00+00:00,2026-03-30 08:16:00+00:00,2026-03-30,-1,SHORT,400,60,15,-1,-70,44014,core_plus_rsi_london_spread_25
rsi_sweep_london,2026-03-30 08:16:00+00:00,2026-03-30 08:17:00+00:00,2026-03-30,-1,SHORT,400,60,15,-1,-70,44017,core_plus_rsi_london_spread_25
rsi_sweep_london,2026-03-30 08:24:00+00:00,2026-03-30 08:25:00+00:00,2026-03-30,-1,SHORT,400,60,15,1,390,44025,core_plus_rsi_london_spread_25
rsi_sweep_london,2026-03-30 08:54:00+00:00,2026-03-30 08:57:00+00:00,2026-03-30,-1,SHORT,400,60,15,-1,-70,44055,core_plus_rsi_london_spread_25
ict_reversal_core,2026-03-30 16:07:00+00:00,2026-03-30 16:08:00+00:00,2026-03-30,1,LONG,450,80,15,-1,-90,44488,core_plus_rsi_london_spread_25
ict_reversal_core,2026-03-30 16:23:00+00:00,2026-03-30 16:24:00+00:00,2026-03-30,1,LONG,450,80,15,-1,-90,44504,core_plus_rsi_london_spread_25
ict_reversal_core,2026-03-31 17:03:00+00:00,2026-03-31 17:04:00+00:00,2026-03-31,-1,SHORT,450,80,15,-1,-90,45922,core_plus_rsi_london_spread_25
rsi_sweep_london,2026-04-01 07:18:00+00:00,2026-04-01 07:19:00+00:00,2026-04-01,1,LONG,400,60,15,-1,-70,46715,core_plus_rsi_london_spread_25
rsi_sweep_london,2026-04-01 09:25:00+00:00,2026-04-01 09:26:00+00:00,2026-04-01,-1,SHORT,400,60,15,-1,-70,46842,core_plus_rsi_london_spread_25
rsi_sweep_london,2026-04-01 09:54:00+00:00,2026-04-01 09:55:00+00:00,2026-04-01,-1,SHORT,400,60,15,-1,-70,46871,core_plus_rsi_london_spread_25
rsi_sweep_london,2026-04-01 09:55:00+00:00,2026-04-01 09:56:00+00:00,2026-04-01,-1,SHORT,400,60,15,-1,-70,46872,core_plus_rsi_london_spread_25
rsi_sweep_london,2026-04-01 09:58:00+00:00,2026-04-01 09:59:00+00:00,2026-04-01,-1,SHORT,400,60,15,-1,-70,46875,core_plus_rsi_london_spread_25
rsi_sweep_london,2026-04-06 07:02:00+00:00,2026-04-06 07:03:00+00:00,2026-04-06,-1,SHORT,400,60,15,-1,-70,49452,core_plus_rsi_london_spread_25
rsi_sweep_london,2026-04-06 07:05:00+00:00,2026-04-06 07:06:00+00:00,2026-04-06,-1,SHORT,400,60,15,-1,-70,49455,core_plus_rsi_london_spread_25
rsi_sweep_london,2026-04-06 07:55:00+00:00,2026-04-06 07:57:00+00:00,2026-04-06,-1,SHORT,400,60,15,-1,-70,49505,core_plus_rsi_london_spread_25
rsi_sweep_london,2026-04-06 08:01:00+00:00,2026-04-06 08:04:00+00:00,2026-04-06,-1,SHORT,400,60,15,-1,-70,49511,core_plus_rsi_london_spread_25
rsi_sweep_london,2026-04-06 08:11:00+00:00,2026-04-06 08:14:00+00:00,2026-04-06,-1,SHORT,400,60,15,-1,-70,49521,core_plus_rsi_london_spread_25
rsi_sweep_london,2026-04-06 08:18:00+00:00,2026-04-06 08:19:00+00:00,2026-04-06,-1,SHORT,400,60,15,-1,-70,49528,core_plus_rsi_london_spread_25
rsi_sweep_london,2026-04-06 08:20:00+00:00,2026-04-06 08:23:00+00:00,2026-04-06,-1,SHORT,400,60,15,1,390,49530,core_plus_rsi_london_spread_25
rsi_sweep_london,2026-04-07 07:35:00+00:00,2026-04-07 07:38:00+00:00,2026-04-07,-1,SHORT,400,60,15,-1,-70,50863,core_plus_rsi_london_spread_25
rsi_sweep_london,2026-04-07 07:39:00+00:00,2026-04-07 07:40:00+00:00,2026-04-07,-1,SHORT,400,60,15,-1,-70,50867,core_plus_rsi_london_spread_25
rsi_sweep_london,2026-04-07 07:40:00+00:00,2026-04-07 07:41:00+00:00,2026-04-07,-1,SHORT,400,60,15,-1,-70,50868,core_plus_rsi_london_spread_25
rsi_sweep_london,2026-04-07 07:42:00+00:00,2026-04-07 07:44:00+00:00,2026-04-07,-1,SHORT,400,60,15,-1,-70,50870,core_plus_rsi_london_spread_25
ict_reversal_core,2026-04-07 16:30:00+00:00,2026-04-07 16:31:00+00:00,2026-04-07,-1,SHORT,450,80,15,1,440,51398,core_plus_rsi_london_spread_25
rsi_sweep_london,2026-04-08 08:40:00+00:00,2026-04-08 08:41:00+00:00,2026-04-08,-1,SHORT,400,60,15,-1,-70,52306,core_plus_rsi_london_spread_25
rsi_sweep_london,2026-04-08 08:42:00+00:00,2026-04-08 08:43:00+00:00,2026-04-08,-1,SHORT,400,60,15,-1,-70,52308,core_plus_rsi_london_spread_25
rsi_sweep_london,2026-04-08 08:43:00+00:00,2026-04-08 08:44:00+00:00,2026-04-08,-1,SHORT,400,60,15,-1,-70,52309,core_plus_rsi_london_spread_25
rsi_sweep_london,2026-04-14 07:21:00+00:00,2026-04-14 07:22:00+00:00,2026-04-14,-1,SHORT,400,60,15,-1,-70,57738,core_plus_rsi_london_spread_25
rsi_sweep_london,2026-04-14 07:22:00+00:00,2026-04-14 07:23:00+00:00,2026-04-14,-1,SHORT,400,60,15,-1,-70,57739,core_plus_rsi_london_spread_25
rsi_sweep_london,2026-04-14 07:23:00+00:00,2026-04-14 07:26:00+00:00,2026-04-14,-1,SHORT,400,60,15,-1,-70,57740,core_plus_rsi_london_spread_25
rsi_sweep_london,2026-04-14 08:13:00+00:00,2026-04-14 08:14:00+00:00,2026-04-14,1,LONG,400,60,15,-1,-70,57790,core_plus_rsi_london_spread_25
rsi_sweep_london,2026-04-14 08:14:00+00:00,2026-04-14 08:24:00+00:00,2026-04-14,1,LONG,400,60,15,-1,-70,57791,core_plus_rsi_london_spread_25
rsi_sweep_london,2026-04-14 08:40:00+00:00,2026-04-14 08:47:00+00:00,2026-04-14,1,LONG,400,60,15,1,390,57817,core_plus_rsi_london_spread_25
rsi_sweep_london,2026-04-14 09:55:00+00:00,2026-04-14 09:57:00+00:00,2026-04-14,-1,SHORT,400,60,15,-1,-70,57892,core_plus_rsi_london_spread_25
rsi_sweep_london,2026-04-14 09:58:00+00:00,2026-04-14 10:00:00+00:00,2026-04-14,-1,SHORT,400,60,15,-1,-70,57895,core_plus_rsi_london_spread_25
ict_reversal_core,2026-04-14 14:57:00+00:00,2026-04-14 14:58:00+00:00,2026-04-14,1,LONG,450,80,15,1,440,58194,core_plus_rsi_london_spread_25
rsi_sweep_london,2026-04-16 07:59:00+00:00,2026-04-16 08:00:00+00:00,2026-04-16,-1,SHORT,400,60,15,-1,-70,60532,core_plus_rsi_london_spread_25
rsi_sweep_london,2026-04-16 08:05:00+00:00,2026-04-16 08:06:00+00:00,2026-04-16,-1,SHORT,400,60,15,-1,-70,60538,core_plus_rsi_london_spread_25
rsi_sweep_london,2026-04-16 09:50:00+00:00,2026-04-16 09:51:00+00:00,2026-04-16,-1,SHORT,400,60,15,-1,-70,60643,core_plus_rsi_london_spread_25
ict_reversal_core,2026-04-16 13:01:00+00:00,2026-04-16 13:02:00+00:00,2026-04-16,-1,SHORT,450,80,15,-1,-90,60834,core_plus_rsi_london_spread_25
rsi_sweep_london,2026-04-17 07:41:00+00:00,2026-04-17 07:42:00+00:00,2026-04-17,-1,SHORT,400,60,15,-1,-70,61892,core_plus_rsi_london_spread_25
rsi_sweep_london,2026-04-17 08:00:00+00:00,2026-04-17 08:05:00+00:00,2026-04-17,-1,SHORT,400,60,15,1,390,61911,core_plus_rsi_london_spread_25
rsi_sweep_london,2026-04-17 09:19:00+00:00,2026-04-17 09:21:00+00:00,2026-04-17,1,LONG,400,60,15,-1,-70,61990,core_plus_rsi_london_spread_25
ict_reversal_core,2026-04-17 13:12:00+00:00,2026-04-17 13:13:00+00:00,2026-04-17,1,LONG,450,80,15,-1,-90,62223,core_plus_rsi_london_spread_25
ict_reversal_core,2026-04-17 15:26:00+00:00,2026-04-17 15:27:00+00:00,2026-04-17,-1,SHORT,450,80,15,-1,-90,62357,core_plus_rsi_london_spread_25
rsi_sweep_london,2026-04-22 08:22:00+00:00,2026-04-22 08:26:00+00:00,2026-04-22,-1,SHORT,400,60,15,1,390,66066,core_plus_rsi_london_spread_25
ict_reversal_core,2026-04-22 15:29:00+00:00,2026-04-22 15:33:00+00:00,2026-04-22,-1,SHORT,450,80,15,-1,-90,66493,core_plus_rsi_london_spread_25
ict_reversal_core,2026-04-22 16:09:00+00:00,2026-04-22 16:10:00+00:00,2026-04-22,1,LONG,450,80,15,-1,-90,66533,core_plus_rsi_london_spread_25
ict_reversal_core,2026-04-22 16:30:00+00:00,2026-04-22 16:31:00+00:00,2026-04-22,-1,SHORT,450,80,15,-1,-90,66554,core_plus_rsi_london_spread_25
rsi_sweep_london,2026-04-23 07:47:00+00:00,2026-04-23 07:59:00+00:00,2026-04-23,1,LONG,400,60,15,1,390,67409,core_plus_rsi_london_spread_25
rsi_sweep_london,2026-04-23 08:10:00+00:00,2026-04-23 08:25:00+00:00,2026-04-23,-1,SHORT,400,60,15,1,390,67432,core_plus_rsi_london_spread_25
rsi_sweep_london,2026-04-23 08:12:00+00:00,2026-04-23 08:17:00+00:00,2026-04-23,-1,SHORT,400,60,15,1,390,67434,core_plus_rsi_london_spread_25
rsi_sweep_london,2026-04-24 07:25:00+00:00,2026-04-24 07:26:00+00:00,2026-04-24,1,LONG,400,60,15,-1,-70,68765,core_plus_rsi_london_spread_25
rsi_sweep_london,2026-04-24 07:31:00+00:00,2026-04-24 07:35:00+00:00,2026-04-24,1,LONG,400,60,15,1,390,68771,core_plus_rsi_london_spread_25
rsi_sweep_london,2026-04-24 07:48:00+00:00,2026-04-24 07:49:00+00:00,2026-04-24,-1,SHORT,400,60,15,-1,-70,68788,core_plus_rsi_london_spread_25
rsi_sweep_london,2026-04-24 07:49:00+00:00,2026-04-24 08:00:00+00:00,2026-04-24,-1,SHORT,400,60,15,-1,-70,68789,core_plus_rsi_london_spread_25
rsi_sweep_london,2026-04-24 08:40:00+00:00,2026-04-24 08:41:00+00:00,2026-04-24,-1,SHORT,400,60,15,-1,-70,68840,core_plus_rsi_london_spread_25
ict_reversal_core,2026-04-24 13:24:00+00:00,2026-04-24 13:29:00+00:00,2026-04-24,1,LONG,450,80,15,-1,-90,69124,core_plus_rsi_london_spread_25
ict_reversal_core,2026-04-24 14:08:00+00:00,2026-04-24 14:09:00+00:00,2026-04-24,-1,SHORT,450,80,15,-1,-90,69168,core_plus_rsi_london_spread_25
rsi_sweep_london,2026-04-27 08:05:00+00:00,2026-04-27 08:06:00+00:00,2026-04-27,1,LONG,400,60,15,-1,-70,70182,core_plus_rsi_london_spread_25
rsi_sweep_london,2026-04-27 08:10:00+00:00,2026-04-27 08:12:00+00:00,2026-04-27,1,LONG,400,60,15,-1,-70,70187,core_plus_rsi_london_spread_25
rsi_sweep_london,2026-04-27 08:16:00+00:00,2026-04-27 08:17:00+00:00,2026-04-27,1,LONG,400,60,15,-1,-70,70193,core_plus_rsi_london_spread_25
rsi_sweep_london,2026-04-27 08:17:00+00:00,2026-04-27 08:30:00+00:00,2026-04-27,1,LONG,400,60,15,-1,-70,70194,core_plus_rsi_london_spread_25
rsi_sweep_london,2026-04-27 08:34:00+00:00,2026-04-27 08:35:00+00:00,2026-04-27,1,LONG,400,60,15,-1,-70,70211,core_plus_rsi_london_spread_25
rsi_sweep_london,2026-04-27 08:38:00+00:00,2026-04-27 08:40:00+00:00,2026-04-27,1,LONG,400,60,15,-1,-70,70215,core_plus_rsi_london_spread_25
rsi_sweep_london,2026-04-27 08:42:00+00:00,2026-04-27 08:51:00+00:00,2026-04-27,1,LONG,400,60,15,-1,-70,70219,core_plus_rsi_london_spread_25
rsi_sweep_london,2026-04-28 08:13:00+00:00,2026-04-28 08:14:00+00:00,2026-04-28,1,LONG,400,60,15,-1,-70,71568,core_plus_rsi_london_spread_25
rsi_sweep_london,2026-04-28 08:34:00+00:00,2026-04-28 08:35:00+00:00,2026-04-28,1,LONG,400,60,15,-1,-70,71589,core_plus_rsi_london_spread_25
rsi_sweep_london,2026-04-28 08:37:00+00:00,2026-04-28 08:38:00+00:00,2026-04-28,1,LONG,400,60,15,-1,-70,71592,core_plus_rsi_london_spread_25
rsi_sweep_london,2026-04-28 08:42:00+00:00,2026-04-28 08:43:00+00:00,2026-04-28,1,LONG,400,60,15,-1,-70,71597,core_plus_rsi_london_spread_25
ict_reversal_core,2026-04-28 13:00:00+00:00,2026-04-28 13:03:00+00:00,2026-04-28,1,LONG,450,80,15,-1,-90,71855,core_plus_rsi_london_spread_25
rsi_sweep_london,2026-04-29 08:35:00+00:00,2026-04-29 08:38:00+00:00,2026-04-29,1,LONG,400,60,15,-1,-70,72968,core_plus_rsi_london_spread_25
rsi_sweep_london,2026-04-30 07:01:00+00:00,2026-04-30 07:02:00+00:00,2026-04-30,1,LONG,400,60,15,-1,-70,74252,core_plus_rsi_london_spread_25
rsi_sweep_london,2026-04-30 07:28:00+00:00,2026-04-30 07:30:00+00:00,2026-04-30,1,LONG,400,60,15,-1,-70,74279,core_plus_rsi_london_spread_25
rsi_sweep_london,2026-04-30 07:35:00+00:00,2026-04-30 07:45:00+00:00,2026-04-30,1,LONG,400,60,15,1,390,74286,core_plus_rsi_london_spread_25
rsi_sweep_london,2026-04-30 08:48:00+00:00,2026-04-30 08:51:00+00:00,2026-04-30,-1,SHORT,400,60,15,-1,-70,74359,core_plus_rsi_london_spread_25
rsi_sweep_london,2026-04-30 08:49:00+00:00,2026-04-30 08:50:00+00:00,2026-04-30,-1,SHORT,400,60,15,-1,-70,74360,core_plus_rsi_london_spread_25
rsi_sweep_london,2026-04-30 08:50:00+00:00,2026-04-30 08:51:00+00:00,2026-04-30,-1,SHORT,400,60,15,-1,-70,74361,core_plus_rsi_london_spread_25
rsi_sweep_london,2026-05-01 07:31:00+00:00,2026-05-01 07:32:00+00:00,2026-05-01,1,LONG,400,60,15,-1,-70,75660,core_plus_rsi_london_spread_25
rsi_sweep_london,2026-05-01 07:33:00+00:00,2026-05-01 07:34:00+00:00,2026-05-01,1,LONG,400,60,15,-1,-70,75662,core_plus_rsi_london_spread_25
rsi_sweep_london,2026-05-01 09:18:00+00:00,2026-05-01 09:19:00+00:00,2026-05-01,1,LONG,400,60,15,-1,-70,75767,core_plus_rsi_london_spread_25
rsi_sweep_london,2026-05-01 09:22:00+00:00,2026-05-01 09:27:00+00:00,2026-05-01,1,LONG,400,60,15,-1,-70,75771,core_plus_rsi_london_spread_25
rsi_sweep_london,2026-05-01 09:31:00+00:00,2026-05-01 09:36:00+00:00,2026-05-01,1,LONG,400,60,15,1,390,75780,core_plus_rsi_london_spread_25
ict_reversal_core,2026-05-01 14:02:00+00:00,2026-05-01 14:05:00+00:00,2026-05-01,1,LONG,450,80,15,-1,-90,76051,core_plus_rsi_london_spread_25
ict_reversal_core,2026-05-01 16:17:00+00:00,2026-05-01 16:18:00+00:00,2026-05-01,1,LONG,450,80,15,-1,-90,76186,core_plus_rsi_london_spread_25
rsi_sweep_london,2026-05-04 08:33:00+00:00,2026-05-04 08:34:00+00:00,2026-05-04,1,LONG,400,60,15,-1,-70,77099,core_plus_rsi_london_spread_25
rsi_sweep_london,2026-05-05 09:55:00+00:00,2026-05-05 10:00:00+00:00,2026-05-05,-1,SHORT,400,60,15,-1,-70,78559,core_plus_rsi_london_spread_25
ict_reversal_core,2026-05-05 15:30:00+00:00,2026-05-05 15:34:00+00:00,2026-05-05,-1,SHORT,450,80,15,-1,-90,78894,core_plus_rsi_london_spread_25
rsi_sweep_london,2026-05-06 07:29:00+00:00,2026-05-06 07:38:00+00:00,2026-05-06,-1,SHORT,400,60,15,1,390,79791,core_plus_rsi_london_spread_25
rsi_sweep_london,2026-05-06 09:01:00+00:00,2026-05-06 09:03:00+00:00,2026-05-06,-1,SHORT,400,60,15,-1,-70,79883,core_plus_rsi_london_spread_25
ict_reversal_core,2026-05-06 14:31:00+00:00,2026-05-06 14:34:00+00:00,2026-05-06,1,LONG,450,80,15,1,440,80213,core_plus_rsi_london_spread_25
rsi_sweep_london,2026-05-07 09:21:00+00:00,2026-05-07 09:22:00+00:00,2026-05-07,-1,SHORT,400,60,15,-1,-70,81281,core_plus_rsi_london_spread_25
rsi_sweep_london,2026-05-07 09:27:00+00:00,2026-05-07 09:28:00+00:00,2026-05-07,-1,SHORT,400,60,15,-1,-70,81287,core_plus_rsi_london_spread_25
ict_reversal_core,2026-05-07 15:50:00+00:00,2026-05-07 15:51:00+00:00,2026-05-07,-1,SHORT,450,80,15,-1,-90,81670,core_plus_rsi_london_spread_25
ict_reversal_core,2026-05-07 16:46:00+00:00,2026-05-07 16:47:00+00:00,2026-05-07,1,LONG,450,80,15,-1,-90,81726,core_plus_rsi_london_spread_25
ict_reversal_core,2026-05-08 15:44:00+00:00,2026-05-08 15:45:00+00:00,2026-05-08,-1,SHORT,450,80,15,-1,-90,83042,core_plus_rsi_london_spread_25
rsi_sweep_london,2026-05-11 07:03:00+00:00,2026-05-11 07:04:00+00:00,2026-05-11,1,LONG,400,60,15,-1,-70,83898,core_plus_rsi_london_spread_25
rsi_sweep_london,2026-05-11 08:44:00+00:00,2026-05-11 08:45:00+00:00,2026-05-11,1,LONG,400,60,15,-1,-70,83999,core_plus_rsi_london_spread_25
rsi_sweep_london,2026-05-11 08:46:00+00:00,2026-05-11 08:47:00+00:00,2026-05-11,1,LONG,400,60,15,-1,-70,84001,core_plus_rsi_london_spread_25
rsi_sweep_london,2026-05-11 08:56:00+00:00,2026-05-11 08:57:00+00:00,2026-05-11,1,LONG,400,60,15,1,390,84011,core_plus_rsi_london_spread_25
rsi_sweep_london,2026-05-12 07:17:00+00:00,2026-05-12 07:20:00+00:00,2026-05-12,-1,SHORT,400,60,15,1,390,85290,core_plus_rsi_london_spread_25
rsi_sweep_london,2026-05-12 07:55:00+00:00,2026-05-12 07:56:00+00:00,2026-05-12,1,LONG,400,60,15,-1,-70,85328,core_plus_rsi_london_spread_25
rsi_sweep_london,2026-05-13 07:23:00+00:00,2026-05-13 07:35:00+00:00,2026-05-13,-1,SHORT,400,60,15,1,390,86674,core_plus_rsi_london_spread_25
rsi_sweep_london,2026-05-13 09:05:00+00:00,2026-05-13 09:08:00+00:00,2026-05-13,-1,SHORT,400,60,15,-1,-70,86776,core_plus_rsi_london_spread_25
rsi_sweep_london,2026-05-13 09:16:00+00:00,2026-05-13 09:17:00+00:00,2026-05-13,-1,SHORT,400,60,15,-1,-70,86787,core_plus_rsi_london_spread_25
rsi_sweep_london,2026-05-13 09:57:00+00:00,2026-05-13 10:00:00+00:00,2026-05-13,1,LONG,400,60,15,1,390,86828,core_plus_rsi_london_spread_25
rsi_sweep_london,2026-05-14 07:22:00+00:00,2026-05-14 07:23:00+00:00,2026-05-14,-1,SHORT,400,60,15,-1,-70,88051,core_plus_rsi_london_spread_25
rsi_sweep_london,2026-05-14 07:35:00+00:00,2026-05-14 07:36:00+00:00,2026-05-14,-1,SHORT,400,60,15,-1,-70,88064,core_plus_rsi_london_spread_25
rsi_sweep_london,2026-05-14 07:36:00+00:00,2026-05-14 07:40:00+00:00,2026-05-14,-1,SHORT,400,60,15,1,390,88065,core_plus_rsi_london_spread_25
rsi_sweep_london,2026-05-14 08:28:00+00:00,2026-05-14 08:30:00+00:00,2026-05-14,1,LONG,400,60,15,1,390,88117,core_plus_rsi_london_spread_25
ict_reversal_core,2026-05-14 13:10:00+00:00,2026-05-14 13:11:00+00:00,2026-05-14,1,LONG,450,80,15,1,440,88399,core_plus_rsi_london_spread_25
ict_reversal_core,2026-05-14 14:49:00+00:00,2026-05-14 14:50:00+00:00,2026-05-14,-1,SHORT,450,80,15,-1,-90,88498,core_plus_rsi_london_spread_25
rsi_sweep_london,2026-05-15 08:13:00+00:00,2026-05-15 08:14:00+00:00,2026-05-15,1,LONG,400,60,15,-1,-70,89480,core_plus_rsi_london_spread_25
rsi_sweep_london,2026-05-15 08:20:00+00:00,2026-05-15 08:21:00+00:00,2026-05-15,1,LONG,400,60,15,1,390,89487,core_plus_rsi_london_spread_25
rsi_sweep_london,2026-05-15 08:33:00+00:00,2026-05-15 08:34:00+00:00,2026-05-15,1,LONG,400,60,15,-1,-70,89500,core_plus_rsi_london_spread_25
rsi_sweep_london,2026-05-15 08:36:00+00:00,2026-05-15 08:37:00+00:00,2026-05-15,1,LONG,400,60,15,-1,-70,89503,core_plus_rsi_london_spread_25
ict_reversal_core,2026-05-15 13:44:00+00:00,2026-05-15 13:45:00+00:00,2026-05-15,1,LONG,450,80,15,-1,-90,89811,core_plus_rsi_london_spread_25
ict_reversal_core,2026-05-15 15:15:00+00:00,2026-05-15 15:16:00+00:00,2026-05-15,1,LONG,450,80,15,-1,-90,89902,core_plus_rsi_london_spread_25
rsi_sweep_london,2026-05-18 07:29:00+00:00,2026-05-18 07:30:00+00:00,2026-05-18,1,LONG,400,60,15,1,390,90813,core_plus_rsi_london_spread_25
ict_reversal_core,2026-05-18 16:43:00+00:00,2026-05-18 16:44:00+00:00,2026-05-18,1,LONG,450,80,15,-1,-90,91367,core_plus_rsi_london_spread_25
ict_reversal_core,2026-05-19 13:38:00+00:00,2026-05-19 13:39:00+00:00,2026-05-19,-1,SHORT,450,80,15,-1,-90,92560,core_plus_rsi_london_spread_25
ict_reversal_core,2026-05-19 15:01:00+00:00,2026-05-19 15:05:00+00:00,2026-05-19,1,LONG,450,80,15,1,440,92643,core_plus_rsi_london_spread_25
rsi_sweep_london,2026-05-20 08:22:00+00:00,2026-05-20 08:23:00+00:00,2026-05-20,-1,SHORT,400,60,15,-1,-70,93622,core_plus_rsi_london_spread_25
ict_reversal_core,2026-05-20 16:00:00+00:00,2026-05-20 16:01:00+00:00,2026-05-20,1,LONG,450,80,15,-1,-90,94080,core_plus_rsi_london_spread_25
ict_reversal_core,2026-05-20 17:17:00+00:00,2026-05-20 17:18:00+00:00,2026-05-20,-1,SHORT,450,80,15,-1,-90,94157,core_plus_rsi_london_spread_25
rsi_sweep_london,2026-05-21 08:10:00+00:00,2026-05-21 08:11:00+00:00,2026-05-21,1,LONG,400,60,15,-1,-70,94988,core_plus_rsi_london_spread_25
rsi_sweep_london,2026-05-21 08:17:00+00:00,2026-05-21 08:18:00+00:00,2026-05-21,1,LONG,400,60,15,-1,-70,94995,core_plus_rsi_london_spread_25
rsi_sweep_london,2026-05-21 08:20:00+00:00,2026-05-21 08:21:00+00:00,2026-05-21,1,LONG,400,60,15,-1,-70,94998,core_plus_rsi_london_spread_25
rsi_sweep_london,2026-05-21 08:21:00+00:00,2026-05-21 08:22:00+00:00,2026-05-21,1,LONG,400,60,15,-1,-70,94999,core_plus_rsi_london_spread_25
rsi_sweep_london,2026-05-21 08:22:00+00:00,2026-05-21 08:24:00+00:00,2026-05-21,1,LONG,400,60,15,-1,-70,95000,core_plus_rsi_london_spread_25
rsi_sweep_london,2026-05-21 08:24:00+00:00,2026-05-21 08:26:00+00:00,2026-05-21,1,LONG,400,60,15,-1,-70,95002,core_plus_rsi_london_spread_25
rsi_sweep_london,2026-05-21 08:25:00+00:00,2026-05-21 08:26:00+00:00,2026-05-21,1,LONG,400,60,15,-1,-70,95003,core_plus_rsi_london_spread_25
ict_reversal_core,2026-05-21 13:27:00+00:00,2026-05-21 13:28:00+00:00,2026-05-21,1,LONG,450,80,15,-1,-90,95305,core_plus_rsi_london_spread_25
rsi_sweep_london,2026-05-22 08:58:00+00:00,2026-05-22 08:59:00+00:00,2026-05-22,1,LONG,400,60,15,-1,-70,96414,core_plus_rsi_london_spread_25
ict_reversal_core,2026-05-22 16:00:00+00:00,2026-05-22 16:01:00+00:00,2026-05-22,-1,SHORT,450,80,15,-1,-90,96836,core_plus_rsi_london_spread_25
rsi_sweep_london,2026-05-25 08:25:00+00:00,2026-05-25 08:26:00+00:00,2026-05-25,1,LONG,400,60,15,-1,-70,97758,core_plus_rsi_london_spread_25
rsi_sweep_london,2026-05-25 09:59:00+00:00,2026-05-25 10:02:00+00:00,2026-05-25,-1,SHORT,400,60,15,-1,-70,97852,core_plus_rsi_london_spread_25
rsi_sweep_london,2026-05-26 07:31:00+00:00,2026-05-26 07:34:00+00:00,2026-05-26,1,LONG,400,60,15,-1,-70,98934,core_plus_rsi_london_spread_25
rsi_sweep_london,2026-05-26 07:34:00+00:00,2026-05-26 07:36:00+00:00,2026-05-26,1,LONG,400,60,15,-1,-70,98937,core_plus_rsi_london_spread_25
rsi_sweep_london,2026-05-26 07:42:00+00:00,2026-05-26 07:44:00+00:00,2026-05-26,1,LONG,400,60,15,-1,-70,98945,core_plus_rsi_london_spread_25
ict_reversal_non_failed,2026-02-12 15:57:00+00:00,2026-02-12 16:00:00+00:00,2026-02-12,-1,SHORT,450,80,15,1,440,555,core_with_failed_replacement_spread_20
ict_reversal_non_failed,2026-02-16 15:48:00+00:00,2026-02-16 15:51:00+00:00,2026-02-16,1,LONG,450,80,15,1,440,3301,core_with_failed_replacement_spread_20
ict_reversal_non_failed,2026-02-16 16:17:00+00:00,2026-02-16 16:20:00+00:00,2026-02-16,-1,SHORT,450,80,15,1,440,3330,core_with_failed_replacement_spread_20
ict_reversal_non_failed,2026-02-17 15:20:00+00:00,2026-02-17 15:21:00+00:00,2026-02-17,1,LONG,450,80,15,-1,-90,4503,core_with_failed_replacement_spread_20
failed_reversal_continuation,2026-02-17 18:31:00+00:00,2026-02-17 18:34:00+00:00,2026-02-17,-1,SHORT,500,150,15,1,490,4694,core_with_failed_replacement_spread_20
ict_reversal_non_failed,2026-02-18 14:13:00+00:00,2026-02-18 14:14:00+00:00,2026-02-18,-1,SHORT,450,80,15,-1,-90,5814,core_with_failed_replacement_spread_20
ict_reversal_non_failed,2026-02-19 14:32:00+00:00,2026-02-19 14:36:00+00:00,2026-02-19,-1,SHORT,450,80,15,1,440,7211,core_with_failed_replacement_spread_20
ict_reversal_non_failed,2026-02-19 18:58:00+00:00,2026-02-19 18:59:00+00:00,2026-02-19,1,LONG,450,80,15,-1,-90,7477,core_with_failed_replacement_spread_20
ict_reversal_non_failed,2026-02-20 16:30:00+00:00,2026-02-20 16:31:00+00:00,2026-02-20,1,LONG,450,80,15,-1,-90,8707,core_with_failed_replacement_spread_20
ict_reversal_non_failed,2026-02-23 14:29:00+00:00,2026-02-23 14:38:00+00:00,2026-02-23,1,LONG,450,80,15,1,440,9963,core_with_failed_replacement_spread_20
ict_reversal_non_failed,2026-02-24 16:31:00+00:00,2026-02-24 16:32:00+00:00,2026-02-24,-1,SHORT,450,80,15,-1,-90,11463,core_with_failed_replacement_spread_20
ict_reversal_non_failed,2026-02-26 16:01:00+00:00,2026-02-26 16:02:00+00:00,2026-02-26,1,LONG,450,80,15,-1,-90,14189,core_with_failed_replacement_spread_20
failed_reversal_continuation,2026-02-26 16:31:00+00:00,2026-02-26 16:32:00+00:00,2026-02-26,-1,SHORT,500,150,15,1,490,14219,core_with_failed_replacement_spread_20
failed_reversal_continuation,2026-03-02 17:47:00+00:00,2026-03-02 17:51:00+00:00,2026-03-02,-1,SHORT,500,150,15,1,490,17050,core_with_failed_replacement_spread_20
ict_reversal_non_failed,2026-03-06 14:34:00+00:00,2026-03-06 14:35:00+00:00,2026-03-06,1,LONG,450,80,15,-1,-90,22351,core_with_failed_replacement_spread_20
failed_reversal_continuation,2026-03-06 15:31:00+00:00,2026-03-06 15:32:00+00:00,2026-03-06,1,LONG,500,150,15,-1,-160,22408,core_with_failed_replacement_spread_20
failed_reversal_continuation,2026-03-06 17:03:00+00:00,2026-03-06 17:05:00+00:00,2026-03-06,1,LONG,500,150,15,1,490,22500,core_with_failed_replacement_spread_20
ict_reversal_non_failed,2026-02-12 15:57:00+00:00,2026-02-12 16:00:00+00:00,2026-02-12,-1,SHORT,450,80,15,1,440,555,core_with_failed_replacement_spread_22
ict_reversal_non_failed,2026-02-16 15:48:00+00:00,2026-02-16 15:51:00+00:00,2026-02-16,1,LONG,450,80,15,1,440,3301,core_with_failed_replacement_spread_22
ict_reversal_non_failed,2026-02-16 16:17:00+00:00,2026-02-16 16:20:00+00:00,2026-02-16,-1,SHORT,450,80,15,1,440,3330,core_with_failed_replacement_spread_22
ict_reversal_non_failed,2026-02-17 15:20:00+00:00,2026-02-17 15:21:00+00:00,2026-02-17,1,LONG,450,80,15,-1,-90,4503,core_with_failed_replacement_spread_22
failed_reversal_continuation,2026-02-17 18:31:00+00:00,2026-02-17 18:34:00+00:00,2026-02-17,-1,SHORT,500,150,15,1,490,4694,core_with_failed_replacement_spread_22
ict_reversal_non_failed,2026-02-18 14:13:00+00:00,2026-02-18 14:14:00+00:00,2026-02-18,-1,SHORT,450,80,15,-1,-90,5814,core_with_failed_replacement_spread_22
ict_reversal_non_failed,2026-02-19 14:32:00+00:00,2026-02-19 14:36:00+00:00,2026-02-19,-1,SHORT,450,80,15,1,440,7211,core_with_failed_replacement_spread_22
ict_reversal_non_failed,2026-02-19 18:58:00+00:00,2026-02-19 18:59:00+00:00,2026-02-19,1,LONG,450,80,15,-1,-90,7477,core_with_failed_replacement_spread_22
ict_reversal_non_failed,2026-02-20 16:30:00+00:00,2026-02-20 16:31:00+00:00,2026-02-20,1,LONG,450,80,15,-1,-90,8707,core_with_failed_replacement_spread_22
ict_reversal_non_failed,2026-02-23 14:29:00+00:00,2026-02-23 14:38:00+00:00,2026-02-23,1,LONG,450,80,15,1,440,9963,core_with_failed_replacement_spread_22
ict_reversal_non_failed,2026-02-24 16:31:00+00:00,2026-02-24 16:32:00+00:00,2026-02-24,-1,SHORT,450,80,15,-1,-90,11463,core_with_failed_replacement_spread_22
ict_reversal_non_failed,2026-02-26 16:01:00+00:00,2026-02-26 16:02:00+00:00,2026-02-26,1,LONG,450,80,15,-1,-90,14189,core_with_failed_replacement_spread_22
failed_reversal_continuation,2026-02-26 16:31:00+00:00,2026-02-26 16:32:00+00:00,2026-02-26,-1,SHORT,500,150,15,1,490,14219,core_with_failed_replacement_spread_22
failed_reversal_continuation,2026-03-02 17:47:00+00:00,2026-03-02 17:51:00+00:00,2026-03-02,-1,SHORT,500,150,15,1,490,17050,core_with_failed_replacement_spread_22
failed_reversal_continuation,2026-03-03 16:25:00+00:00,2026-03-03 16:26:00+00:00,2026-03-03,-1,SHORT,500,150,15,-1,-160,18328,core_with_failed_replacement_spread_22
ict_reversal_non_failed,2026-03-04 14:04:00+00:00,2026-03-04 14:11:00+00:00,2026-03-04,-1,SHORT,450,80,15,1,440,19565,core_with_failed_replacement_spread_22
ict_reversal_non_failed,2026-03-04 15:01:00+00:00,2026-03-04 15:02:00+00:00,2026-03-04,-1,SHORT,450,80,15,-1,-90,19622,core_with_failed_replacement_spread_22
ict_reversal_non_failed,2026-03-04 15:53:00+00:00,2026-03-04 15:54:00+00:00,2026-03-04,1,LONG,450,80,15,-1,-90,19674,core_with_failed_replacement_spread_22
ict_reversal_non_failed,2026-03-06 14:34:00+00:00,2026-03-06 14:35:00+00:00,2026-03-06,1,LONG,450,80,15,-1,-90,22351,core_with_failed_replacement_spread_22
failed_reversal_continuation,2026-03-06 15:31:00+00:00,2026-03-06 15:32:00+00:00,2026-03-06,1,LONG,500,150,15,-1,-160,22408,core_with_failed_replacement_spread_22
failed_reversal_continuation,2026-03-06 17:03:00+00:00,2026-03-06 17:05:00+00:00,2026-03-06,1,LONG,500,150,15,1,490,22500,core_with_failed_replacement_spread_22
failed_reversal_continuation,2026-03-11 16:52:00+00:00,2026-03-11 16:53:00+00:00,2026-03-11,-1,SHORT,500,150,15,-1,-160,26622,core_with_failed_replacement_spread_22
ict_reversal_non_failed,2026-03-12 14:45:00+00:00,2026-03-12 14:46:00+00:00,2026-03-12,-1,SHORT,450,80,15,-1,-90,27873,core_with_failed_replacement_spread_22
ict_reversal_non_failed,2026-02-12 15:57:00+00:00,2026-02-12 16:00:00+00:00,2026-02-12,-1,SHORT,450,80,15,1,440,555,core_with_failed_replacement_spread_23
ict_reversal_non_failed,2026-02-16 15:48:00+00:00,2026-02-16 15:51:00+00:00,2026-02-16,1,LONG,450,80,15,1,440,3301,core_with_failed_replacement_spread_23
ict_reversal_non_failed,2026-02-16 16:17:00+00:00,2026-02-16 16:20:00+00:00,2026-02-16,-1,SHORT,450,80,15,1,440,3330,core_with_failed_replacement_spread_23
ict_reversal_non_failed,2026-02-17 15:20:00+00:00,2026-02-17 15:21:00+00:00,2026-02-17,1,LONG,450,80,15,-1,-90,4503,core_with_failed_replacement_spread_23
failed_reversal_continuation,2026-02-17 18:31:00+00:00,2026-02-17 18:34:00+00:00,2026-02-17,-1,SHORT,500,150,15,1,490,4694,core_with_failed_replacement_spread_23
ict_reversal_non_failed,2026-02-18 14:13:00+00:00,2026-02-18 14:14:00+00:00,2026-02-18,-1,SHORT,450,80,15,-1,-90,5814,core_with_failed_replacement_spread_23
ict_reversal_non_failed,2026-02-19 14:32:00+00:00,2026-02-19 14:36:00+00:00,2026-02-19,-1,SHORT,450,80,15,1,440,7211,core_with_failed_replacement_spread_23
ict_reversal_non_failed,2026-02-19 18:58:00+00:00,2026-02-19 18:59:00+00:00,2026-02-19,1,LONG,450,80,15,-1,-90,7477,core_with_failed_replacement_spread_23
ict_reversal_non_failed,2026-02-20 16:30:00+00:00,2026-02-20 16:31:00+00:00,2026-02-20,1,LONG,450,80,15,-1,-90,8707,core_with_failed_replacement_spread_23
ict_reversal_non_failed,2026-02-23 14:29:00+00:00,2026-02-23 14:38:00+00:00,2026-02-23,1,LONG,450,80,15,1,440,9963,core_with_failed_replacement_spread_23
ict_reversal_non_failed,2026-02-24 16:31:00+00:00,2026-02-24 16:32:00+00:00,2026-02-24,-1,SHORT,450,80,15,-1,-90,11463,core_with_failed_replacement_spread_23
ict_reversal_non_failed,2026-02-26 16:01:00+00:00,2026-02-26 16:02:00+00:00,2026-02-26,1,LONG,450,80,15,-1,-90,14189,core_with_failed_replacement_spread_23
failed_reversal_continuation,2026-02-26 16:31:00+00:00,2026-02-26 16:32:00+00:00,2026-02-26,-1,SHORT,500,150,15,1,490,14219,core_with_failed_replacement_spread_23
failed_reversal_continuation,2026-03-02 17:47:00+00:00,2026-03-02 17:51:00+00:00,2026-03-02,-1,SHORT,500,150,15,1,490,17050,core_with_failed_replacement_spread_23
failed_reversal_continuation,2026-03-03 16:25:00+00:00,2026-03-03 16:26:00+00:00,2026-03-03,-1,SHORT,500,150,15,-1,-160,18328,core_with_failed_replacement_spread_23
ict_reversal_non_failed,2026-03-04 14:04:00+00:00,2026-03-04 14:11:00+00:00,2026-03-04,-1,SHORT,450,80,15,1,440,19565,core_with_failed_replacement_spread_23
ict_reversal_non_failed,2026-03-04 15:01:00+00:00,2026-03-04 15:02:00+00:00,2026-03-04,-1,SHORT,450,80,15,-1,-90,19622,core_with_failed_replacement_spread_23
ict_reversal_non_failed,2026-03-04 15:53:00+00:00,2026-03-04 15:54:00+00:00,2026-03-04,1,LONG,450,80,15,-1,-90,19674,core_with_failed_replacement_spread_23
ict_reversal_non_failed,2026-03-06 14:34:00+00:00,2026-03-06 14:35:00+00:00,2026-03-06,1,LONG,450,80,15,-1,-90,22351,core_with_failed_replacement_spread_23
failed_reversal_continuation,2026-03-06 15:31:00+00:00,2026-03-06 15:32:00+00:00,2026-03-06,1,LONG,500,150,15,-1,-160,22408,core_with_failed_replacement_spread_23
failed_reversal_continuation,2026-03-06 17:03:00+00:00,2026-03-06 17:05:00+00:00,2026-03-06,1,LONG,500,150,15,1,490,22500,core_with_failed_replacement_spread_23
failed_reversal_continuation,2026-03-11 16:52:00+00:00,2026-03-11 16:53:00+00:00,2026-03-11,-1,SHORT,500,150,15,-1,-160,26622,core_with_failed_replacement_spread_23
ict_reversal_non_failed,2026-03-12 14:45:00+00:00,2026-03-12 14:46:00+00:00,2026-03-12,-1,SHORT,450,80,15,-1,-90,27873,core_with_failed_replacement_spread_23
failed_reversal_continuation,2026-03-18 14:30:00+00:00,2026-03-18 14:31:00+00:00,2026-03-18,-1,SHORT,500,150,15,-1,-160,33369,core_with_failed_replacement_spread_23
failed_reversal_continuation,2026-03-18 18:01:00+00:00,2026-03-18 18:02:00+00:00,2026-03-18,1,LONG,500,150,15,-1,-160,33580,core_with_failed_replacement_spread_23
failed_reversal_continuation,2026-03-20 17:19:00+00:00,2026-03-20 17:20:00+00:00,2026-03-20,-1,SHORT,500,150,15,1,490,36294,core_with_failed_replacement_spread_23
ict_reversal_non_failed,2026-03-24 14:01:00+00:00,2026-03-24 14:02:00+00:00,2026-03-24,-1,SHORT,450,80,15,-1,-90,38851,core_with_failed_replacement_spread_23
failed_reversal_continuation,2026-03-25 18:18:00+00:00,2026-03-25 18:19:00+00:00,2026-03-25,-1,SHORT,500,150,15,-1,-160,40486,core_with_failed_replacement_spread_23
ict_reversal_non_failed,2026-03-26 14:01:00+00:00,2026-03-26 14:02:00+00:00,2026-03-26,-1,SHORT,450,80,15,-1,-90,41607,core_with_failed_replacement_spread_23
failed_reversal_continuation,2026-03-30 16:07:00+00:00,2026-03-30 16:08:00+00:00,2026-03-30,-1,SHORT,500,150,15,1,490,44488,core_with_failed_replacement_spread_23
ict_reversal_non_failed,2026-03-30 16:23:00+00:00,2026-03-30 16:24:00+00:00,2026-03-30,1,LONG,450,80,15,-1,-90,44504,core_with_failed_replacement_spread_23
failed_reversal_continuation,2026-03-31 17:03:00+00:00,2026-03-31 17:04:00+00:00,2026-03-31,1,LONG,500,150,15,1,490,45922,core_with_failed_replacement_spread_23
ict_reversal_non_failed,2026-04-07 16:30:00+00:00,2026-04-07 16:31:00+00:00,2026-04-07,-1,SHORT,450,80,15,1,440,51398,core_with_failed_replacement_spread_23
ict_reversal_non_failed,2026-04-22 15:29:00+00:00,2026-04-22 15:33:00+00:00,2026-04-22,-1,SHORT,450,80,15,-1,-90,66493,core_with_failed_replacement_spread_23
ict_reversal_non_failed,2026-04-22 16:09:00+00:00,2026-04-22 16:10:00+00:00,2026-04-22,1,LONG,450,80,15,-1,-90,66533,core_with_failed_replacement_spread_23
ict_reversal_non_failed,2026-04-22 16:30:00+00:00,2026-04-22 16:31:00+00:00,2026-04-22,-1,SHORT,450,80,15,-1,-90,66554,core_with_failed_replacement_spread_23
ict_reversal_non_failed,2026-04-24 13:24:00+00:00,2026-04-24 13:29:00+00:00,2026-04-24,1,LONG,450,80,15,-1,-90,69124,core_with_failed_replacement_spread_23
ict_reversal_non_failed,2026-04-24 14:08:00+00:00,2026-04-24 14:09:00+00:00,2026-04-24,-1,SHORT,450,80,15,-1,-90,69168,core_with_failed_replacement_spread_23
ict_reversal_non_failed,2026-04-28 13:00:00+00:00,2026-04-28 13:03:00+00:00,2026-04-28,1,LONG,450,80,15,-1,-90,71855,core_with_failed_replacement_spread_23
ict_reversal_non_failed,2026-05-01 14:02:00+00:00,2026-05-01 14:05:00+00:00,2026-05-01,1,LONG,450,80,15,-1,-90,76051,core_with_failed_replacement_spread_23
ict_reversal_non_failed,2026-05-01 16:17:00+00:00,2026-05-01 16:18:00+00:00,2026-05-01,1,LONG,450,80,15,-1,-90,76186,core_with_failed_replacement_spread_23
ict_reversal_non_failed,2026-05-05 15:30:00+00:00,2026-05-05 15:34:00+00:00,2026-05-05,-1,SHORT,450,80,15,-1,-90,78894,core_with_failed_replacement_spread_23
ict_reversal_non_failed,2026-05-06 14:31:00+00:00,2026-05-06 14:34:00+00:00,2026-05-06,1,LONG,450,80,15,1,440,80213,core_with_failed_replacement_spread_23
ict_reversal_non_failed,2026-05-07 15:50:00+00:00,2026-05-07 15:51:00+00:00,2026-05-07,-1,SHORT,450,80,15,-1,-90,81670,core_with_failed_replacement_spread_23
ict_reversal_non_failed,2026-05-07 16:46:00+00:00,2026-05-07 16:47:00+00:00,2026-05-07,1,LONG,450,80,15,-1,-90,81726,core_with_failed_replacement_spread_23
ict_reversal_non_failed,2026-05-08 15:44:00+00:00,2026-05-08 15:45:00+00:00,2026-05-08,-1,SHORT,450,80,15,-1,-90,83042,core_with_failed_replacement_spread_23
ict_reversal_non_failed,2026-05-14 13:10:00+00:00,2026-05-14 13:11:00+00:00,2026-05-14,1,LONG,450,80,15,1,440,88399,core_with_failed_replacement_spread_23
ict_reversal_non_failed,2026-05-14 14:49:00+00:00,2026-05-14 14:50:00+00:00,2026-05-14,-1,SHORT,450,80,15,-1,-90,88498,core_with_failed_replacement_spread_23
ict_reversal_non_failed,2026-05-15 13:44:00+00:00,2026-05-15 13:45:00+00:00,2026-05-15,1,LONG,450,80,15,-1,-90,89811,core_with_failed_replacement_spread_23
ict_reversal_non_failed,2026-05-15 15:15:00+00:00,2026-05-15 15:16:00+00:00,2026-05-15,1,LONG,450,80,15,-1,-90,89902,core_with_failed_replacement_spread_23
ict_reversal_non_failed,2026-05-18 16:43:00+00:00,2026-05-18 16:44:00+00:00,2026-05-18,1,LONG,450,80,15,-1,-90,91367,core_with_failed_replacement_spread_23
ict_reversal_non_failed,2026-05-19 13:38:00+00:00,2026-05-19 13:39:00+00:00,2026-05-19,-1,SHORT,450,80,15,-1,-90,92560,core_with_failed_replacement_spread_23
ict_reversal_non_failed,2026-05-19 15:01:00+00:00,2026-05-19 15:05:00+00:00,2026-05-19,1,LONG,450,80,15,1,440,92643,core_with_failed_replacement_spread_23
ict_reversal_non_failed,2026-05-20 16:00:00+00:00,2026-05-20 16:01:00+00:00,2026-05-20,1,LONG,450,80,15,-1,-90,94080,core_with_failed_replacement_spread_23
failed_reversal_continuation,2026-05-20 17:17:00+00:00,2026-05-20 17:18:00+00:00,2026-05-20,1,LONG,500,150,15,1,490,94157,core_with_failed_replacement_spread_23
ict_reversal_non_failed,2026-05-21 13:27:00+00:00,2026-05-21 13:28:00+00:00,2026-05-21,1,LONG,450,80,15,-1,-90,95305,core_with_failed_replacement_spread_23
ict_reversal_non_failed,2026-05-22 16:00:00+00:00,2026-05-22 16:01:00+00:00,2026-05-22,-1,SHORT,450,80,15,-1,-90,96836,core_with_failed_replacement_spread_23
ict_reversal_non_failed,2026-02-12 15:57:00+00:00,2026-02-12 16:00:00+00:00,2026-02-12,-1,SHORT,450,80,15,1,440,555,core_with_failed_replacement_spread_25
ict_reversal_non_failed,2026-02-16 15:48:00+00:00,2026-02-16 15:51:00+00:00,2026-02-16,1,LONG,450,80,15,1,440,3301,core_with_failed_replacement_spread_25
ict_reversal_non_failed,2026-02-16 16:17:00+00:00,2026-02-16 16:20:00+00:00,2026-02-16,-1,SHORT,450,80,15,1,440,3330,core_with_failed_replacement_spread_25
ict_reversal_non_failed,2026-02-17 15:20:00+00:00,2026-02-17 15:21:00+00:00,2026-02-17,1,LONG,450,80,15,-1,-90,4503,core_with_failed_replacement_spread_25
failed_reversal_continuation,2026-02-17 18:31:00+00:00,2026-02-17 18:34:00+00:00,2026-02-17,-1,SHORT,500,150,15,1,490,4694,core_with_failed_replacement_spread_25
ict_reversal_non_failed,2026-02-18 14:13:00+00:00,2026-02-18 14:14:00+00:00,2026-02-18,-1,SHORT,450,80,15,-1,-90,5814,core_with_failed_replacement_spread_25
ict_reversal_non_failed,2026-02-19 14:32:00+00:00,2026-02-19 14:36:00+00:00,2026-02-19,-1,SHORT,450,80,15,1,440,7211,core_with_failed_replacement_spread_25
ict_reversal_non_failed,2026-02-19 18:58:00+00:00,2026-02-19 18:59:00+00:00,2026-02-19,1,LONG,450,80,15,-1,-90,7477,core_with_failed_replacement_spread_25
ict_reversal_non_failed,2026-02-20 16:30:00+00:00,2026-02-20 16:31:00+00:00,2026-02-20,1,LONG,450,80,15,-1,-90,8707,core_with_failed_replacement_spread_25
ict_reversal_non_failed,2026-02-23 14:29:00+00:00,2026-02-23 14:38:00+00:00,2026-02-23,1,LONG,450,80,15,1,440,9963,core_with_failed_replacement_spread_25
ict_reversal_non_failed,2026-02-24 16:31:00+00:00,2026-02-24 16:32:00+00:00,2026-02-24,-1,SHORT,450,80,15,-1,-90,11463,core_with_failed_replacement_spread_25
ict_reversal_non_failed,2026-02-26 16:01:00+00:00,2026-02-26 16:02:00+00:00,2026-02-26,1,LONG,450,80,15,-1,-90,14189,core_with_failed_replacement_spread_25
failed_reversal_continuation,2026-02-26 16:31:00+00:00,2026-02-26 16:32:00+00:00,2026-02-26,-1,SHORT,500,150,15,1,490,14219,core_with_failed_replacement_spread_25
failed_reversal_continuation,2026-03-02 17:47:00+00:00,2026-03-02 17:51:00+00:00,2026-03-02,-1,SHORT,500,150,15,1,490,17050,core_with_failed_replacement_spread_25
failed_reversal_continuation,2026-03-03 16:25:00+00:00,2026-03-03 16:26:00+00:00,2026-03-03,-1,SHORT,500,150,15,-1,-160,18328,core_with_failed_replacement_spread_25
ict_reversal_non_failed,2026-03-04 14:04:00+00:00,2026-03-04 14:11:00+00:00,2026-03-04,-1,SHORT,450,80,15,1,440,19565,core_with_failed_replacement_spread_25
ict_reversal_non_failed,2026-03-04 15:01:00+00:00,2026-03-04 15:02:00+00:00,2026-03-04,-1,SHORT,450,80,15,-1,-90,19622,core_with_failed_replacement_spread_25
ict_reversal_non_failed,2026-03-04 15:53:00+00:00,2026-03-04 15:54:00+00:00,2026-03-04,1,LONG,450,80,15,-1,-90,19674,core_with_failed_replacement_spread_25
ict_reversal_non_failed,2026-03-06 14:34:00+00:00,2026-03-06 14:35:00+00:00,2026-03-06,1,LONG,450,80,15,-1,-90,22351,core_with_failed_replacement_spread_25
failed_reversal_continuation,2026-03-06 15:31:00+00:00,2026-03-06 15:32:00+00:00,2026-03-06,1,LONG,500,150,15,-1,-160,22408,core_with_failed_replacement_spread_25
failed_reversal_continuation,2026-03-06 17:03:00+00:00,2026-03-06 17:05:00+00:00,2026-03-06,1,LONG,500,150,15,1,490,22500,core_with_failed_replacement_spread_25
failed_reversal_continuation,2026-03-11 16:52:00+00:00,2026-03-11 16:53:00+00:00,2026-03-11,-1,SHORT,500,150,15,-1,-160,26622,core_with_failed_replacement_spread_25
ict_reversal_non_failed,2026-03-12 14:45:00+00:00,2026-03-12 14:46:00+00:00,2026-03-12,-1,SHORT,450,80,15,-1,-90,27873,core_with_failed_replacement_spread_25
failed_reversal_continuation,2026-03-18 14:30:00+00:00,2026-03-18 14:31:00+00:00,2026-03-18,-1,SHORT,500,150,15,-1,-160,33369,core_with_failed_replacement_spread_25
failed_reversal_continuation,2026-03-18 18:01:00+00:00,2026-03-18 18:02:00+00:00,2026-03-18,1,LONG,500,150,15,-1,-160,33580,core_with_failed_replacement_spread_25
failed_reversal_continuation,2026-03-20 17:19:00+00:00,2026-03-20 17:20:00+00:00,2026-03-20,-1,SHORT,500,150,15,1,490,36294,core_with_failed_replacement_spread_25
ict_reversal_non_failed,2026-03-24 14:01:00+00:00,2026-03-24 14:02:00+00:00,2026-03-24,-1,SHORT,450,80,15,-1,-90,38851,core_with_failed_replacement_spread_25
failed_reversal_continuation,2026-03-25 18:18:00+00:00,2026-03-25 18:19:00+00:00,2026-03-25,-1,SHORT,500,150,15,-1,-160,40486,core_with_failed_replacement_spread_25
ict_reversal_non_failed,2026-03-26 14:01:00+00:00,2026-03-26 14:02:00+00:00,2026-03-26,-1,SHORT,450,80,15,-1,-90,41607,core_with_failed_replacement_spread_25
failed_reversal_continuation,2026-03-30 16:07:00+00:00,2026-03-30 16:08:00+00:00,2026-03-30,-1,SHORT,500,150,15,1,490,44488,core_with_failed_replacement_spread_25
ict_reversal_non_failed,2026-03-30 16:23:00+00:00,2026-03-30 16:24:00+00:00,2026-03-30,1,LONG,450,80,15,-1,-90,44504,core_with_failed_replacement_spread_25
failed_reversal_continuation,2026-03-31 17:03:00+00:00,2026-03-31 17:04:00+00:00,2026-03-31,1,LONG,500,150,15,1,490,45922,core_with_failed_replacement_spread_25
ict_reversal_non_failed,2026-04-07 16:30:00+00:00,2026-04-07 16:31:00+00:00,2026-04-07,-1,SHORT,450,80,15,1,440,51398,core_with_failed_replacement_spread_25
ict_reversal_non_failed,2026-04-14 14:57:00+00:00,2026-04-14 14:58:00+00:00,2026-04-14,1,LONG,450,80,15,1,440,58194,core_with_failed_replacement_spread_25
ict_reversal_non_failed,2026-04-16 13:01:00+00:00,2026-04-16 13:02:00+00:00,2026-04-16,-1,SHORT,450,80,15,-1,-90,60834,core_with_failed_replacement_spread_25
ict_reversal_non_failed,2026-04-17 13:12:00+00:00,2026-04-17 13:13:00+00:00,2026-04-17,1,LONG,450,80,15,-1,-90,62223,core_with_failed_replacement_spread_25
ict_reversal_non_failed,2026-04-17 15:26:00+00:00,2026-04-17 15:27:00+00:00,2026-04-17,-1,SHORT,450,80,15,-1,-90,62357,core_with_failed_replacement_spread_25
ict_reversal_non_failed,2026-04-22 15:29:00+00:00,2026-04-22 15:33:00+00:00,2026-04-22,-1,SHORT,450,80,15,-1,-90,66493,core_with_failed_replacement_spread_25
ict_reversal_non_failed,2026-04-22 16:09:00+00:00,2026-04-22 16:10:00+00:00,2026-04-22,1,LONG,450,80,15,-1,-90,66533,core_with_failed_replacement_spread_25
ict_reversal_non_failed,2026-04-22 16:30:00+00:00,2026-04-22 16:31:00+00:00,2026-04-22,-1,SHORT,450,80,15,-1,-90,66554,core_with_failed_replacement_spread_25
ict_reversal_non_failed,2026-04-24 13:24:00+00:00,2026-04-24 13:29:00+00:00,2026-04-24,1,LONG,450,80,15,-1,-90,69124,core_with_failed_replacement_spread_25
ict_reversal_non_failed,2026-04-24 14:08:00+00:00,2026-04-24 14:09:00+00:00,2026-04-24,-1,SHORT,450,80,15,-1,-90,69168,core_with_failed_replacement_spread_25
ict_reversal_non_failed,2026-04-28 13:00:00+00:00,2026-04-28 13:03:00+00:00,2026-04-28,1,LONG,450,80,15,-1,-90,71855,core_with_failed_replacement_spread_25
ict_reversal_non_failed,2026-05-01 14:02:00+00:00,2026-05-01 14:05:00+00:00,2026-05-01,1,LONG,450,80,15,-1,-90,76051,core_with_failed_replacement_spread_25
ict_reversal_non_failed,2026-05-01 16:17:00+00:00,2026-05-01 16:18:00+00:00,2026-05-01,1,LONG,450,80,15,-1,-90,76186,core_with_failed_replacement_spread_25
ict_reversal_non_failed,2026-05-05 15:30:00+00:00,2026-05-05 15:34:00+00:00,2026-05-05,-1,SHORT,450,80,15,-1,-90,78894,core_with_failed_replacement_spread_25
ict_reversal_non_failed,2026-05-06 14:31:00+00:00,2026-05-06 14:34:00+00:00,2026-05-06,1,LONG,450,80,15,1,440,80213,core_with_failed_replacement_spread_25
ict_reversal_non_failed,2026-05-07 15:50:00+00:00,2026-05-07 15:51:00+00:00,2026-05-07,-1,SHORT,450,80,15,-1,-90,81670,core_with_failed_replacement_spread_25
ict_reversal_non_failed,2026-05-07 16:46:00+00:00,2026-05-07 16:47:00+00:00,2026-05-07,1,LONG,450,80,15,-1,-90,81726,core_with_failed_replacement_spread_25
ict_reversal_non_failed,2026-05-08 15:44:00+00:00,2026-05-08 15:45:00+00:00,2026-05-08,-1,SHORT,450,80,15,-1,-90,83042,core_with_failed_replacement_spread_25
ict_reversal_non_failed,2026-05-14 13:10:00+00:00,2026-05-14 13:11:00+00:00,2026-05-14,1,LONG,450,80,15,1,440,88399,core_with_failed_replacement_spread_25
ict_reversal_non_failed,2026-05-14 14:49:00+00:00,2026-05-14 14:50:00+00:00,2026-05-14,-1,SHORT,450,80,15,-1,-90,88498,core_with_failed_replacement_spread_25
ict_reversal_non_failed,2026-05-15 13:44:00+00:00,2026-05-15 13:45:00+00:00,2026-05-15,1,LONG,450,80,15,-1,-90,89811,core_with_failed_replacement_spread_25
ict_reversal_non_failed,2026-05-15 15:15:00+00:00,2026-05-15 15:16:00+00:00,2026-05-15,1,LONG,450,80,15,-1,-90,89902,core_with_failed_replacement_spread_25
ict_reversal_non_failed,2026-05-18 16:43:00+00:00,2026-05-18 16:44:00+00:00,2026-05-18,1,LONG,450,80,15,-1,-90,91367,core_with_failed_replacement_spread_25
ict_reversal_non_failed,2026-05-19 13:38:00+00:00,2026-05-19 13:39:00+00:00,2026-05-19,-1,SHORT,450,80,15,-1,-90,92560,core_with_failed_replacement_spread_25
ict_reversal_non_failed,2026-05-19 15:01:00+00:00,2026-05-19 15:05:00+00:00,2026-05-19,1,LONG,450,80,15,1,440,92643,core_with_failed_replacement_spread_25
ict_reversal_non_failed,2026-05-20 16:00:00+00:00,2026-05-20 16:01:00+00:00,2026-05-20,1,LONG,450,80,15,-1,-90,94080,core_with_failed_replacement_spread_25
failed_reversal_continuation,2026-05-20 17:17:00+00:00,2026-05-20 17:18:00+00:00,2026-05-20,1,LONG,500,150,15,1,490,94157,core_with_failed_replacement_spread_25
ict_reversal_non_failed,2026-05-21 13:27:00+00:00,2026-05-21 13:28:00+00:00,2026-05-21,1,LONG,450,80,15,-1,-90,95305,core_with_failed_replacement_spread_25
ict_reversal_non_failed,2026-05-22 16:00:00+00:00,2026-05-22 16:01:00+00:00,2026-05-22,-1,SHORT,450,80,15,-1,-90,96836,core_with_failed_replacement_spread_25
failed_reversal_continuation,2026-02-17 18:31:00+00:00,2026-02-17 18:34:00+00:00,2026-02-17,-1,SHORT,500,150,15,1,490,4694,failed_continuation_spread_20
failed_reversal_continuation,2026-02-26 16:31:00+00:00,2026-02-26 16:32:00+00:00,2026-02-26,-1,SHORT,500,150,15,1,490,14219,failed_continuation_spread_20
failed_reversal_continuation,2026-03-02 17:47:00+00:00,2026-03-02 17:51:00+00:00,2026-03-02,-1,SHORT,500,150,15,1,490,17050,failed_continuation_spread_20
failed_reversal_continuation,2026-03-06 15:31:00+00:00,2026-03-06 15:32:00+00:00,2026-03-06,1,LONG,500,150,15,-1,-160,22408,failed_continuation_spread_20
failed_reversal_continuation,2026-03-06 17:03:00+00:00,2026-03-06 17:05:00+00:00,2026-03-06,1,LONG,500,150,15,1,490,22500,failed_continuation_spread_20
failed_reversal_continuation,2026-02-17 18:31:00+00:00,2026-02-17 18:34:00+00:00,2026-02-17,-1,SHORT,500,150,15,1,490,4694,failed_continuation_spread_22
failed_reversal_continuation,2026-02-26 16:31:00+00:00,2026-02-26 16:32:00+00:00,2026-02-26,-1,SHORT,500,150,15,1,490,14219,failed_continuation_spread_22
failed_reversal_continuation,2026-03-02 17:47:00+00:00,2026-03-02 17:51:00+00:00,2026-03-02,-1,SHORT,500,150,15,1,490,17050,failed_continuation_spread_22
failed_reversal_continuation,2026-03-03 16:25:00+00:00,2026-03-03 16:26:00+00:00,2026-03-03,-1,SHORT,500,150,15,-1,-160,18328,failed_continuation_spread_22
failed_reversal_continuation,2026-03-06 15:31:00+00:00,2026-03-06 15:32:00+00:00,2026-03-06,1,LONG,500,150,15,-1,-160,22408,failed_continuation_spread_22
failed_reversal_continuation,2026-03-06 17:03:00+00:00,2026-03-06 17:05:00+00:00,2026-03-06,1,LONG,500,150,15,1,490,22500,failed_continuation_spread_22
failed_reversal_continuation,2026-03-11 16:52:00+00:00,2026-03-11 16:53:00+00:00,2026-03-11,-1,SHORT,500,150,15,-1,-160,26622,failed_continuation_spread_22
failed_reversal_continuation,2026-02-17 18:31:00+00:00,2026-02-17 18:34:00+00:00,2026-02-17,-1,SHORT,500,150,15,1,490,4694,failed_continuation_spread_23
failed_reversal_continuation,2026-02-26 16:31:00+00:00,2026-02-26 16:32:00+00:00,2026-02-26,-1,SHORT,500,150,15,1,490,14219,failed_continuation_spread_23
failed_reversal_continuation,2026-03-02 17:47:00+00:00,2026-03-02 17:51:00+00:00,2026-03-02,-1,SHORT,500,150,15,1,490,17050,failed_continuation_spread_23
failed_reversal_continuation,2026-03-03 16:25:00+00:00,2026-03-03 16:26:00+00:00,2026-03-03,-1,SHORT,500,150,15,-1,-160,18328,failed_continuation_spread_23
failed_reversal_continuation,2026-03-06 15:31:00+00:00,2026-03-06 15:32:00+00:00,2026-03-06,1,LONG,500,150,15,-1,-160,22408,failed_continuation_spread_23
failed_reversal_continuation,2026-03-06 17:03:00+00:00,2026-03-06 17:05:00+00:00,2026-03-06,1,LONG,500,150,15,1,490,22500,failed_continuation_spread_23
failed_reversal_continuation,2026-03-11 16:52:00+00:00,2026-03-11 16:53:00+00:00,2026-03-11,-1,SHORT,500,150,15,-1,-160,26622,failed_continuation_spread_23
failed_reversal_continuation,2026-03-18 14:30:00+00:00,2026-03-18 14:31:00+00:00,2026-03-18,-1,SHORT,500,150,15,-1,-160,33369,failed_continuation_spread_23
failed_reversal_continuation,2026-03-18 18:01:00+00:00,2026-03-18 18:02:00+00:00,2026-03-18,1,LONG,500,150,15,-1,-160,33580,failed_continuation_spread_23
failed_reversal_continuation,2026-03-20 17:19:00+00:00,2026-03-20 17:20:00+00:00,2026-03-20,-1,SHORT,500,150,15,1,490,36294,failed_continuation_spread_23
failed_reversal_continuation,2026-03-25 18:18:00+00:00,2026-03-25 18:19:00+00:00,2026-03-25,-1,SHORT,500,150,15,-1,-160,40486,failed_continuation_spread_23
failed_reversal_continuation,2026-03-30 16:07:00+00:00,2026-03-30 16:08:00+00:00,2026-03-30,-1,SHORT,500,150,15,1,490,44488,failed_continuation_spread_23
failed_reversal_continuation,2026-03-31 17:03:00+00:00,2026-03-31 17:04:00+00:00,2026-03-31,1,LONG,500,150,15,1,490,45922,failed_continuation_spread_23
failed_reversal_continuation,2026-05-20 17:17:00+00:00,2026-05-20 17:18:00+00:00,2026-05-20,1,LONG,500,150,15,1,490,94157,failed_continuation_spread_23
failed_reversal_continuation,2026-02-17 18:31:00+00:00,2026-02-17 18:34:00+00:00,2026-02-17,-1,SHORT,500,150,15,1,490,4694,failed_continuation_spread_25
failed_reversal_continuation,2026-02-26 16:31:00+00:00,2026-02-26 16:32:00+00:00,2026-02-26,-1,SHORT,500,150,15,1,490,14219,failed_continuation_spread_25
failed_reversal_continuation,2026-03-02 17:47:00+00:00,2026-03-02 17:51:00+00:00,2026-03-02,-1,SHORT,500,150,15,1,490,17050,failed_continuation_spread_25
failed_reversal_continuation,2026-03-03 16:25:00+00:00,2026-03-03 16:26:00+00:00,2026-03-03,-1,SHORT,500,150,15,-1,-160,18328,failed_continuation_spread_25
failed_reversal_continuation,2026-03-06 15:31:00+00:00,2026-03-06 15:32:00+00:00,2026-03-06,1,LONG,500,150,15,-1,-160,22408,failed_continuation_spread_25
failed_reversal_continuation,2026-03-06 17:03:00+00:00,2026-03-06 17:05:00+00:00,2026-03-06,1,LONG,500,150,15,1,490,22500,failed_continuation_spread_25
failed_reversal_continuation,2026-03-11 16:52:00+00:00,2026-03-11 16:53:00+00:00,2026-03-11,-1,SHORT,500,150,15,-1,-160,26622,failed_continuation_spread_25
failed_reversal_continuation,2026-03-18 14:30:00+00:00,2026-03-18 14:31:00+00:00,2026-03-18,-1,SHORT,500,150,15,-1,-160,33369,failed_continuation_spread_25
failed_reversal_continuation,2026-03-18 18:01:00+00:00,2026-03-18 18:02:00+00:00,2026-03-18,1,LONG,500,150,15,-1,-160,33580,failed_continuation_spread_25
failed_reversal_continuation,2026-03-20 17:19:00+00:00,2026-03-20 17:20:00+00:00,2026-03-20,-1,SHORT,500,150,15,1,490,36294,failed_continuation_spread_25
failed_reversal_continuation,2026-03-25 18:18:00+00:00,2026-03-25 18:19:00+00:00,2026-03-25,-1,SHORT,500,150,15,-1,-160,40486,failed_continuation_spread_25
failed_reversal_continuation,2026-03-30 16:07:00+00:00,2026-03-30 16:08:00+00:00,2026-03-30,-1,SHORT,500,150,15,1,490,44488,failed_continuation_spread_25
failed_reversal_continuation,2026-03-31 17:03:00+00:00,2026-03-31 17:04:00+00:00,2026-03-31,1,LONG,500,150,15,1,490,45922,failed_continuation_spread_25
failed_reversal_continuation,2026-05-20 17:17:00+00:00,2026-05-20 17:18:00+00:00,2026-05-20,1,LONG,500,150,15,1,490,94157,failed_continuation_spread_25
ict_reversal_quality,2026-02-12 15:57:00+00:00,2026-02-12 16:00:00+00:00,2026-02-12,-1,SHORT,450,80,15,1,440,555,quality_plus_failed_spread_20
ict_reversal_quality,2026-02-16 15:48:00+00:00,2026-02-16 15:51:00+00:00,2026-02-16,1,LONG,450,80,15,1,440,3301,quality_plus_failed_spread_20
ict_reversal_quality,2026-02-16 16:17:00+00:00,2026-02-16 16:20:00+00:00,2026-02-16,-1,SHORT,450,80,15,1,440,3330,quality_plus_failed_spread_20
failed_reversal_continuation,2026-02-17 18:31:00+00:00,2026-02-17 18:34:00+00:00,2026-02-17,-1,SHORT,500,150,15,1,490,4694,quality_plus_failed_spread_20
ict_reversal_quality,2026-02-19 14:32:00+00:00,2026-02-19 14:36:00+00:00,2026-02-19,-1,SHORT,450,80,15,1,440,7211,quality_plus_failed_spread_20
ict_reversal_quality,2026-02-20 16:30:00+00:00,2026-02-20 16:31:00+00:00,2026-02-20,1,LONG,450,80,15,-1,-90,8707,quality_plus_failed_spread_20
ict_reversal_quality,2026-02-23 14:29:00+00:00,2026-02-23 14:38:00+00:00,2026-02-23,1,LONG,450,80,15,1,440,9963,quality_plus_failed_spread_20
failed_reversal_continuation,2026-02-26 16:31:00+00:00,2026-02-26 16:32:00+00:00,2026-02-26,-1,SHORT,500,150,15,1,490,14219,quality_plus_failed_spread_20
failed_reversal_continuation,2026-03-02 17:47:00+00:00,2026-03-02 17:51:00+00:00,2026-03-02,-1,SHORT,500,150,15,1,490,17050,quality_plus_failed_spread_20
failed_reversal_continuation,2026-03-06 15:31:00+00:00,2026-03-06 15:32:00+00:00,2026-03-06,1,LONG,500,150,15,-1,-160,22408,quality_plus_failed_spread_20
failed_reversal_continuation,2026-03-06 17:03:00+00:00,2026-03-06 17:05:00+00:00,2026-03-06,1,LONG,500,150,15,1,490,22500,quality_plus_failed_spread_20
ict_reversal_quality,2026-02-12 15:57:00+00:00,2026-02-12 16:00:00+00:00,2026-02-12,-1,SHORT,450,80,15,1,440,555,quality_plus_failed_spread_22
ict_reversal_quality,2026-02-16 15:48:00+00:00,2026-02-16 15:51:00+00:00,2026-02-16,1,LONG,450,80,15,1,440,3301,quality_plus_failed_spread_22
ict_reversal_quality,2026-02-16 16:17:00+00:00,2026-02-16 16:20:00+00:00,2026-02-16,-1,SHORT,450,80,15,1,440,3330,quality_plus_failed_spread_22
failed_reversal_continuation,2026-02-17 18:31:00+00:00,2026-02-17 18:34:00+00:00,2026-02-17,-1,SHORT,500,150,15,1,490,4694,quality_plus_failed_spread_22
ict_reversal_quality,2026-02-19 14:32:00+00:00,2026-02-19 14:36:00+00:00,2026-02-19,-1,SHORT,450,80,15,1,440,7211,quality_plus_failed_spread_22
ict_reversal_quality,2026-02-20 16:30:00+00:00,2026-02-20 16:31:00+00:00,2026-02-20,1,LONG,450,80,15,-1,-90,8707,quality_plus_failed_spread_22
ict_reversal_quality,2026-02-23 14:29:00+00:00,2026-02-23 14:38:00+00:00,2026-02-23,1,LONG,450,80,15,1,440,9963,quality_plus_failed_spread_22
failed_reversal_continuation,2026-02-26 16:31:00+00:00,2026-02-26 16:32:00+00:00,2026-02-26,-1,SHORT,500,150,15,1,490,14219,quality_plus_failed_spread_22
failed_reversal_continuation,2026-03-02 17:47:00+00:00,2026-03-02 17:51:00+00:00,2026-03-02,-1,SHORT,500,150,15,1,490,17050,quality_plus_failed_spread_22
failed_reversal_continuation,2026-03-03 16:25:00+00:00,2026-03-03 16:26:00+00:00,2026-03-03,-1,SHORT,500,150,15,-1,-160,18328,quality_plus_failed_spread_22
failed_reversal_continuation,2026-03-06 15:31:00+00:00,2026-03-06 15:32:00+00:00,2026-03-06,1,LONG,500,150,15,-1,-160,22408,quality_plus_failed_spread_22
failed_reversal_continuation,2026-03-06 17:03:00+00:00,2026-03-06 17:05:00+00:00,2026-03-06,1,LONG,500,150,15,1,490,22500,quality_plus_failed_spread_22
failed_reversal_continuation,2026-03-11 16:52:00+00:00,2026-03-11 16:53:00+00:00,2026-03-11,-1,SHORT,500,150,15,-1,-160,26622,quality_plus_failed_spread_22
ict_reversal_quality,2026-03-12 14:45:00+00:00,2026-03-12 14:46:00+00:00,2026-03-12,-1,SHORT,450,80,15,-1,-90,27873,quality_plus_failed_spread_22
ict_reversal_quality,2026-02-12 15:57:00+00:00,2026-02-12 16:00:00+00:00,2026-02-12,-1,SHORT,450,80,15,1,440,555,quality_plus_failed_spread_23
ict_reversal_quality,2026-02-16 15:48:00+00:00,2026-02-16 15:51:00+00:00,2026-02-16,1,LONG,450,80,15,1,440,3301,quality_plus_failed_spread_23
ict_reversal_quality,2026-02-16 16:17:00+00:00,2026-02-16 16:20:00+00:00,2026-02-16,-1,SHORT,450,80,15,1,440,3330,quality_plus_failed_spread_23
failed_reversal_continuation,2026-02-17 18:31:00+00:00,2026-02-17 18:34:00+00:00,2026-02-17,-1,SHORT,500,150,15,1,490,4694,quality_plus_failed_spread_23
ict_reversal_quality,2026-02-19 14:32:00+00:00,2026-02-19 14:36:00+00:00,2026-02-19,-1,SHORT,450,80,15,1,440,7211,quality_plus_failed_spread_23
ict_reversal_quality,2026-02-20 16:30:00+00:00,2026-02-20 16:31:00+00:00,2026-02-20,1,LONG,450,80,15,-1,-90,8707,quality_plus_failed_spread_23
ict_reversal_quality,2026-02-23 14:29:00+00:00,2026-02-23 14:38:00+00:00,2026-02-23,1,LONG,450,80,15,1,440,9963,quality_plus_failed_spread_23
failed_reversal_continuation,2026-02-26 16:31:00+00:00,2026-02-26 16:32:00+00:00,2026-02-26,-1,SHORT,500,150,15,1,490,14219,quality_plus_failed_spread_23
failed_reversal_continuation,2026-03-02 17:47:00+00:00,2026-03-02 17:51:00+00:00,2026-03-02,-1,SHORT,500,150,15,1,490,17050,quality_plus_failed_spread_23
failed_reversal_continuation,2026-03-03 16:25:00+00:00,2026-03-03 16:26:00+00:00,2026-03-03,-1,SHORT,500,150,15,-1,-160,18328,quality_plus_failed_spread_23
failed_reversal_continuation,2026-03-06 15:31:00+00:00,2026-03-06 15:32:00+00:00,2026-03-06,1,LONG,500,150,15,-1,-160,22408,quality_plus_failed_spread_23
failed_reversal_continuation,2026-03-06 17:03:00+00:00,2026-03-06 17:05:00+00:00,2026-03-06,1,LONG,500,150,15,1,490,22500,quality_plus_failed_spread_23
failed_reversal_continuation,2026-03-11 16:52:00+00:00,2026-03-11 16:53:00+00:00,2026-03-11,-1,SHORT,500,150,15,-1,-160,26622,quality_plus_failed_spread_23
ict_reversal_quality,2026-03-12 14:45:00+00:00,2026-03-12 14:46:00+00:00,2026-03-12,-1,SHORT,450,80,15,-1,-90,27873,quality_plus_failed_spread_23
failed_reversal_continuation,2026-03-18 14:30:00+00:00,2026-03-18 14:31:00+00:00,2026-03-18,-1,SHORT,500,150,15,-1,-160,33369,quality_plus_failed_spread_23
failed_reversal_continuation,2026-03-18 18:01:00+00:00,2026-03-18 18:02:00+00:00,2026-03-18,1,LONG,500,150,15,-1,-160,33580,quality_plus_failed_spread_23
failed_reversal_continuation,2026-03-20 17:19:00+00:00,2026-03-20 17:20:00+00:00,2026-03-20,-1,SHORT,500,150,15,1,490,36294,quality_plus_failed_spread_23
failed_reversal_continuation,2026-03-25 18:18:00+00:00,2026-03-25 18:19:00+00:00,2026-03-25,-1,SHORT,500,150,15,-1,-160,40486,quality_plus_failed_spread_23
failed_reversal_continuation,2026-03-30 16:07:00+00:00,2026-03-30 16:08:00+00:00,2026-03-30,-1,SHORT,500,150,15,1,490,44488,quality_plus_failed_spread_23
failed_reversal_continuation,2026-03-31 17:03:00+00:00,2026-03-31 17:04:00+00:00,2026-03-31,1,LONG,500,150,15,1,490,45922,quality_plus_failed_spread_23
ict_reversal_quality,2026-04-24 13:24:00+00:00,2026-04-24 13:29:00+00:00,2026-04-24,1,LONG,450,80,15,-1,-90,69124,quality_plus_failed_spread_23
ict_reversal_quality,2026-04-28 13:00:00+00:00,2026-04-28 13:03:00+00:00,2026-04-28,1,LONG,450,80,15,-1,-90,71855,quality_plus_failed_spread_23
ict_reversal_quality,2026-05-01 14:02:00+00:00,2026-05-01 14:05:00+00:00,2026-05-01,1,LONG,450,80,15,-1,-90,76051,quality_plus_failed_spread_23
ict_reversal_quality,2026-05-07 15:50:00+00:00,2026-05-07 15:51:00+00:00,2026-05-07,-1,SHORT,450,80,15,-1,-90,81670,quality_plus_failed_spread_23
ict_reversal_quality,2026-05-14 13:10:00+00:00,2026-05-14 13:11:00+00:00,2026-05-14,1,LONG,450,80,15,1,440,88399,quality_plus_failed_spread_23
ict_reversal_quality,2026-05-14 14:49:00+00:00,2026-05-14 14:50:00+00:00,2026-05-14,-1,SHORT,450,80,15,-1,-90,88498,quality_plus_failed_spread_23
ict_reversal_quality,2026-05-19 13:38:00+00:00,2026-05-19 13:39:00+00:00,2026-05-19,-1,SHORT,450,80,15,-1,-90,92560,quality_plus_failed_spread_23
ict_reversal_quality,2026-05-20 16:00:00+00:00,2026-05-20 16:01:00+00:00,2026-05-20,1,LONG,450,80,15,-1,-90,94080,quality_plus_failed_spread_23
failed_reversal_continuation,2026-05-20 17:17:00+00:00,2026-05-20 17:18:00+00:00,2026-05-20,1,LONG,500,150,15,1,490,94157,quality_plus_failed_spread_23
ict_reversal_quality,2026-02-12 15:57:00+00:00,2026-02-12 16:00:00+00:00,2026-02-12,-1,SHORT,450,80,15,1,440,555,quality_plus_failed_spread_25
ict_reversal_quality,2026-02-16 15:48:00+00:00,2026-02-16 15:51:00+00:00,2026-02-16,1,LONG,450,80,15,1,440,3301,quality_plus_failed_spread_25
ict_reversal_quality,2026-02-16 16:17:00+00:00,2026-02-16 16:20:00+00:00,2026-02-16,-1,SHORT,450,80,15,1,440,3330,quality_plus_failed_spread_25
failed_reversal_continuation,2026-02-17 18:31:00+00:00,2026-02-17 18:34:00+00:00,2026-02-17,-1,SHORT,500,150,15,1,490,4694,quality_plus_failed_spread_25
ict_reversal_quality,2026-02-19 14:32:00+00:00,2026-02-19 14:36:00+00:00,2026-02-19,-1,SHORT,450,80,15,1,440,7211,quality_plus_failed_spread_25
ict_reversal_quality,2026-02-20 16:30:00+00:00,2026-02-20 16:31:00+00:00,2026-02-20,1,LONG,450,80,15,-1,-90,8707,quality_plus_failed_spread_25
ict_reversal_quality,2026-02-23 14:29:00+00:00,2026-02-23 14:38:00+00:00,2026-02-23,1,LONG,450,80,15,1,440,9963,quality_plus_failed_spread_25
failed_reversal_continuation,2026-02-26 16:31:00+00:00,2026-02-26 16:32:00+00:00,2026-02-26,-1,SHORT,500,150,15,1,490,14219,quality_plus_failed_spread_25
failed_reversal_continuation,2026-03-02 17:47:00+00:00,2026-03-02 17:51:00+00:00,2026-03-02,-1,SHORT,500,150,15,1,490,17050,quality_plus_failed_spread_25
failed_reversal_continuation,2026-03-03 16:25:00+00:00,2026-03-03 16:26:00+00:00,2026-03-03,-1,SHORT,500,150,15,-1,-160,18328,quality_plus_failed_spread_25
failed_reversal_continuation,2026-03-06 15:31:00+00:00,2026-03-06 15:32:00+00:00,2026-03-06,1,LONG,500,150,15,-1,-160,22408,quality_plus_failed_spread_25
failed_reversal_continuation,2026-03-06 17:03:00+00:00,2026-03-06 17:05:00+00:00,2026-03-06,1,LONG,500,150,15,1,490,22500,quality_plus_failed_spread_25
failed_reversal_continuation,2026-03-11 16:52:00+00:00,2026-03-11 16:53:00+00:00,2026-03-11,-1,SHORT,500,150,15,-1,-160,26622,quality_plus_failed_spread_25
ict_reversal_quality,2026-03-12 14:45:00+00:00,2026-03-12 14:46:00+00:00,2026-03-12,-1,SHORT,450,80,15,-1,-90,27873,quality_plus_failed_spread_25
failed_reversal_continuation,2026-03-18 14:30:00+00:00,2026-03-18 14:31:00+00:00,2026-03-18,-1,SHORT,500,150,15,-1,-160,33369,quality_plus_failed_spread_25
failed_reversal_continuation,2026-03-18 18:01:00+00:00,2026-03-18 18:02:00+00:00,2026-03-18,1,LONG,500,150,15,-1,-160,33580,quality_plus_failed_spread_25
failed_reversal_continuation,2026-03-20 17:19:00+00:00,2026-03-20 17:20:00+00:00,2026-03-20,-1,SHORT,500,150,15,1,490,36294,quality_plus_failed_spread_25
failed_reversal_continuation,2026-03-25 18:18:00+00:00,2026-03-25 18:19:00+00:00,2026-03-25,-1,SHORT,500,150,15,-1,-160,40486,quality_plus_failed_spread_25
failed_reversal_continuation,2026-03-30 16:07:00+00:00,2026-03-30 16:08:00+00:00,2026-03-30,-1,SHORT,500,150,15,1,490,44488,quality_plus_failed_spread_25
failed_reversal_continuation,2026-03-31 17:03:00+00:00,2026-03-31 17:04:00+00:00,2026-03-31,1,LONG,500,150,15,1,490,45922,quality_plus_failed_spread_25
ict_reversal_quality,2026-04-14 14:57:00+00:00,2026-04-14 14:58:00+00:00,2026-04-14,1,LONG,450,80,15,1,440,58194,quality_plus_failed_spread_25
ict_reversal_quality,2026-04-16 13:01:00+00:00,2026-04-16 13:02:00+00:00,2026-04-16,-1,SHORT,450,80,15,-1,-90,60834,quality_plus_failed_spread_25
ict_reversal_quality,2026-04-17 13:12:00+00:00,2026-04-17 13:13:00+00:00,2026-04-17,1,LONG,450,80,15,-1,-90,62223,quality_plus_failed_spread_25
ict_reversal_quality,2026-04-24 13:24:00+00:00,2026-04-24 13:29:00+00:00,2026-04-24,1,LONG,450,80,15,-1,-90,69124,quality_plus_failed_spread_25
ict_reversal_quality,2026-04-28 13:00:00+00:00,2026-04-28 13:03:00+00:00,2026-04-28,1,LONG,450,80,15,-1,-90,71855,quality_plus_failed_spread_25
ict_reversal_quality,2026-05-01 14:02:00+00:00,2026-05-01 14:05:00+00:00,2026-05-01,1,LONG,450,80,15,-1,-90,76051,quality_plus_failed_spread_25
ict_reversal_quality,2026-05-07 15:50:00+00:00,2026-05-07 15:51:00+00:00,2026-05-07,-1,SHORT,450,80,15,-1,-90,81670,quality_plus_failed_spread_25
ict_reversal_quality,2026-05-14 13:10:00+00:00,2026-05-14 13:11:00+00:00,2026-05-14,1,LONG,450,80,15,1,440,88399,quality_plus_failed_spread_25
ict_reversal_quality,2026-05-14 14:49:00+00:00,2026-05-14 14:50:00+00:00,2026-05-14,-1,SHORT,450,80,15,-1,-90,88498,quality_plus_failed_spread_25
ict_reversal_quality,2026-05-19 13:38:00+00:00,2026-05-19 13:39:00+00:00,2026-05-19,-1,SHORT,450,80,15,-1,-90,92560,quality_plus_failed_spread_25
ict_reversal_quality,2026-05-20 16:00:00+00:00,2026-05-20 16:01:00+00:00,2026-05-20,1,LONG,450,80,15,-1,-90,94080,quality_plus_failed_spread_25
failed_reversal_continuation,2026-05-20 17:17:00+00:00,2026-05-20 17:18:00+00:00,2026-05-20,1,LONG,500,150,15,1,490,94157,quality_plus_failed_spread_25
ict_reversal_core,2026-02-12 15:57:00+00:00,2026-02-12 16:00:00+00:00,2026-02-12,-1,SHORT,450,80,15,1,440,555,reversal_core_spread_20
ict_reversal_core,2026-02-16 15:48:00+00:00,2026-02-16 15:51:00+00:00,2026-02-16,1,LONG,450,80,15,1,440,3301,reversal_core_spread_20
ict_reversal_core,2026-02-16 16:17:00+00:00,2026-02-16 16:20:00+00:00,2026-02-16,-1,SHORT,450,80,15,1,440,3330,reversal_core_spread_20
ict_reversal_core,2026-02-17 15:20:00+00:00,2026-02-17 15:21:00+00:00,2026-02-17,1,LONG,450,80,15,-1,-90,4503,reversal_core_spread_20
ict_reversal_core,2026-02-17 18:31:00+00:00,2026-02-17 18:32:00+00:00,2026-02-17,1,LONG,450,80,15,-1,-90,4694,reversal_core_spread_20
ict_reversal_core,2026-02-18 14:13:00+00:00,2026-02-18 14:14:00+00:00,2026-02-18,-1,SHORT,450,80,15,-1,-90,5814,reversal_core_spread_20
ict_reversal_core,2026-02-19 14:32:00+00:00,2026-02-19 14:36:00+00:00,2026-02-19,-1,SHORT,450,80,15,1,440,7211,reversal_core_spread_20
ict_reversal_core,2026-02-19 18:58:00+00:00,2026-02-19 18:59:00+00:00,2026-02-19,1,LONG,450,80,15,-1,-90,7477,reversal_core_spread_20
ict_reversal_core,2026-02-20 16:30:00+00:00,2026-02-20 16:31:00+00:00,2026-02-20,1,LONG,450,80,15,-1,-90,8707,reversal_core_spread_20
ict_reversal_core,2026-02-23 14:29:00+00:00,2026-02-23 14:38:00+00:00,2026-02-23,1,LONG,450,80,15,1,440,9963,reversal_core_spread_20
ict_reversal_core,2026-02-24 16:31:00+00:00,2026-02-24 16:32:00+00:00,2026-02-24,-1,SHORT,450,80,15,-1,-90,11463,reversal_core_spread_20
ict_reversal_core,2026-02-26 16:01:00+00:00,2026-02-26 16:02:00+00:00,2026-02-26,1,LONG,450,80,15,-1,-90,14189,reversal_core_spread_20
ict_reversal_core,2026-02-26 16:31:00+00:00,2026-02-26 16:32:00+00:00,2026-02-26,1,LONG,450,80,15,-1,-90,14219,reversal_core_spread_20
ict_reversal_core,2026-03-02 17:47:00+00:00,2026-03-02 17:48:00+00:00,2026-03-02,1,LONG,450,80,15,-1,-90,17050,reversal_core_spread_20
ict_reversal_core,2026-03-06 14:34:00+00:00,2026-03-06 14:35:00+00:00,2026-03-06,1,LONG,450,80,15,-1,-90,22351,reversal_core_spread_20
ict_reversal_core,2026-03-06 15:31:00+00:00,2026-03-06 15:32:00+00:00,2026-03-06,-1,SHORT,450,80,15,-1,-90,22408,reversal_core_spread_20
ict_reversal_core,2026-03-06 17:03:00+00:00,2026-03-06 17:04:00+00:00,2026-03-06,-1,SHORT,450,80,15,-1,-90,22500,reversal_core_spread_20
ict_reversal_core,2026-02-12 15:57:00+00:00,2026-02-12 16:00:00+00:00,2026-02-12,-1,SHORT,450,80,15,1,440,555,reversal_core_spread_22
ict_reversal_core,2026-02-16 15:48:00+00:00,2026-02-16 15:51:00+00:00,2026-02-16,1,LONG,450,80,15,1,440,3301,reversal_core_spread_22
ict_reversal_core,2026-02-16 16:17:00+00:00,2026-02-16 16:20:00+00:00,2026-02-16,-1,SHORT,450,80,15,1,440,3330,reversal_core_spread_22
ict_reversal_core,2026-02-17 15:20:00+00:00,2026-02-17 15:21:00+00:00,2026-02-17,1,LONG,450,80,15,-1,-90,4503,reversal_core_spread_22
ict_reversal_core,2026-02-17 18:31:00+00:00,2026-02-17 18:32:00+00:00,2026-02-17,1,LONG,450,80,15,-1,-90,4694,reversal_core_spread_22
ict_reversal_core,2026-02-18 14:13:00+00:00,2026-02-18 14:14:00+00:00,2026-02-18,-1,SHORT,450,80,15,-1,-90,5814,reversal_core_spread_22
ict_reversal_core,2026-02-19 14:32:00+00:00,2026-02-19 14:36:00+00:00,2026-02-19,-1,SHORT,450,80,15,1,440,7211,reversal_core_spread_22
ict_reversal_core,2026-02-19 18:58:00+00:00,2026-02-19 18:59:00+00:00,2026-02-19,1,LONG,450,80,15,-1,-90,7477,reversal_core_spread_22
ict_reversal_core,2026-02-20 16:30:00+00:00,2026-02-20 16:31:00+00:00,2026-02-20,1,LONG,450,80,15,-1,-90,8707,reversal_core_spread_22
ict_reversal_core,2026-02-23 14:29:00+00:00,2026-02-23 14:38:00+00:00,2026-02-23,1,LONG,450,80,15,1,440,9963,reversal_core_spread_22
ict_reversal_core,2026-02-24 16:31:00+00:00,2026-02-24 16:32:00+00:00,2026-02-24,-1,SHORT,450,80,15,-1,-90,11463,reversal_core_spread_22
ict_reversal_core,2026-02-26 16:01:00+00:00,2026-02-26 16:02:00+00:00,2026-02-26,1,LONG,450,80,15,-1,-90,14189,reversal_core_spread_22
ict_reversal_core,2026-02-26 16:31:00+00:00,2026-02-26 16:32:00+00:00,2026-02-26,1,LONG,450,80,15,-1,-90,14219,reversal_core_spread_22
ict_reversal_core,2026-03-02 17:47:00+00:00,2026-03-02 17:48:00+00:00,2026-03-02,1,LONG,450,80,15,-1,-90,17050,reversal_core_spread_22
ict_reversal_core,2026-03-03 16:25:00+00:00,2026-03-03 16:26:00+00:00,2026-03-03,1,LONG,450,80,15,-1,-90,18328,reversal_core_spread_22
ict_reversal_core,2026-03-04 14:04:00+00:00,2026-03-04 14:11:00+00:00,2026-03-04,-1,SHORT,450,80,15,1,440,19565,reversal_core_spread_22
ict_reversal_core,2026-03-04 15:01:00+00:00,2026-03-04 15:02:00+00:00,2026-03-04,-1,SHORT,450,80,15,-1,-90,19622,reversal_core_spread_22
ict_reversal_core,2026-03-04 15:53:00+00:00,2026-03-04 15:54:00+00:00,2026-03-04,1,LONG,450,80,15,-1,-90,19674,reversal_core_spread_22
ict_reversal_core,2026-03-06 14:34:00+00:00,2026-03-06 14:35:00+00:00,2026-03-06,1,LONG,450,80,15,-1,-90,22351,reversal_core_spread_22
ict_reversal_core,2026-03-06 15:31:00+00:00,2026-03-06 15:32:00+00:00,2026-03-06,-1,SHORT,450,80,15,-1,-90,22408,reversal_core_spread_22
ict_reversal_core,2026-03-06 17:03:00+00:00,2026-03-06 17:04:00+00:00,2026-03-06,-1,SHORT,450,80,15,-1,-90,22500,reversal_core_spread_22
ict_reversal_core,2026-03-11 16:52:00+00:00,2026-03-11 16:54:00+00:00,2026-03-11,1,LONG,450,80,15,1,440,26622,reversal_core_spread_22
ict_reversal_core,2026-03-12 14:45:00+00:00,2026-03-12 14:46:00+00:00,2026-03-12,-1,SHORT,450,80,15,-1,-90,27873,reversal_core_spread_22
ict_reversal_core,2026-02-12 15:57:00+00:00,2026-02-12 16:00:00+00:00,2026-02-12,-1,SHORT,450,80,15,1,440,555,reversal_core_spread_23
ict_reversal_core,2026-02-16 15:48:00+00:00,2026-02-16 15:51:00+00:00,2026-02-16,1,LONG,450,80,15,1,440,3301,reversal_core_spread_23
ict_reversal_core,2026-02-16 16:17:00+00:00,2026-02-16 16:20:00+00:00,2026-02-16,-1,SHORT,450,80,15,1,440,3330,reversal_core_spread_23
ict_reversal_core,2026-02-17 15:20:00+00:00,2026-02-17 15:21:00+00:00,2026-02-17,1,LONG,450,80,15,-1,-90,4503,reversal_core_spread_23
ict_reversal_core,2026-02-17 18:31:00+00:00,2026-02-17 18:32:00+00:00,2026-02-17,1,LONG,450,80,15,-1,-90,4694,reversal_core_spread_23
ict_reversal_core,2026-02-18 14:13:00+00:00,2026-02-18 14:14:00+00:00,2026-02-18,-1,SHORT,450,80,15,-1,-90,5814,reversal_core_spread_23
ict_reversal_core,2026-02-19 14:32:00+00:00,2026-02-19 14:36:00+00:00,2026-02-19,-1,SHORT,450,80,15,1,440,7211,reversal_core_spread_23
ict_reversal_core,2026-02-19 18:58:00+00:00,2026-02-19 18:59:00+00:00,2026-02-19,1,LONG,450,80,15,-1,-90,7477,reversal_core_spread_23
ict_reversal_core,2026-02-20 16:30:00+00:00,2026-02-20 16:31:00+00:00,2026-02-20,1,LONG,450,80,15,-1,-90,8707,reversal_core_spread_23
ict_reversal_core,2026-02-23 14:29:00+00:00,2026-02-23 14:38:00+00:00,2026-02-23,1,LONG,450,80,15,1,440,9963,reversal_core_spread_23
ict_reversal_core,2026-02-24 16:31:00+00:00,2026-02-24 16:32:00+00:00,2026-02-24,-1,SHORT,450,80,15,-1,-90,11463,reversal_core_spread_23
ict_reversal_core,2026-02-26 16:01:00+00:00,2026-02-26 16:02:00+00:00,2026-02-26,1,LONG,450,80,15,-1,-90,14189,reversal_core_spread_23
ict_reversal_core,2026-02-26 16:31:00+00:00,2026-02-26 16:32:00+00:00,2026-02-26,1,LONG,450,80,15,-1,-90,14219,reversal_core_spread_23
ict_reversal_core,2026-03-02 17:47:00+00:00,2026-03-02 17:48:00+00:00,2026-03-02,1,LONG,450,80,15,-1,-90,17050,reversal_core_spread_23
ict_reversal_core,2026-03-03 16:25:00+00:00,2026-03-03 16:26:00+00:00,2026-03-03,1,LONG,450,80,15,-1,-90,18328,reversal_core_spread_23
ict_reversal_core,2026-03-04 14:04:00+00:00,2026-03-04 14:11:00+00:00,2026-03-04,-1,SHORT,450,80,15,1,440,19565,reversal_core_spread_23
ict_reversal_core,2026-03-04 15:01:00+00:00,2026-03-04 15:02:00+00:00,2026-03-04,-1,SHORT,450,80,15,-1,-90,19622,reversal_core_spread_23
ict_reversal_core,2026-03-04 15:53:00+00:00,2026-03-04 15:54:00+00:00,2026-03-04,1,LONG,450,80,15,-1,-90,19674,reversal_core_spread_23
ict_reversal_core,2026-03-06 14:34:00+00:00,2026-03-06 14:35:00+00:00,2026-03-06,1,LONG,450,80,15,-1,-90,22351,reversal_core_spread_23
ict_reversal_core,2026-03-06 15:31:00+00:00,2026-03-06 15:32:00+00:00,2026-03-06,-1,SHORT,450,80,15,-1,-90,22408,reversal_core_spread_23
ict_reversal_core,2026-03-06 17:03:00+00:00,2026-03-06 17:04:00+00:00,2026-03-06,-1,SHORT,450,80,15,-1,-90,22500,reversal_core_spread_23
ict_reversal_core,2026-03-11 16:52:00+00:00,2026-03-11 16:54:00+00:00,2026-03-11,1,LONG,450,80,15,1,440,26622,reversal_core_spread_23
ict_reversal_core,2026-03-12 14:45:00+00:00,2026-03-12 14:46:00+00:00,2026-03-12,-1,SHORT,450,80,15,-1,-90,27873,reversal_core_spread_23
ict_reversal_core,2026-03-18 14:30:00+00:00,2026-03-18 14:32:00+00:00,2026-03-18,1,LONG,450,80,15,1,440,33369,reversal_core_spread_23
ict_reversal_core,2026-03-18 18:01:00+00:00,2026-03-18 18:02:00+00:00,2026-03-18,-1,SHORT,450,80,15,-1,-90,33580,reversal_core_spread_23
ict_reversal_core,2026-03-20 17:19:00+00:00,2026-03-20 17:20:00+00:00,2026-03-20,1,LONG,450,80,15,-1,-90,36294,reversal_core_spread_23
ict_reversal_core,2026-03-24 14:01:00+00:00,2026-03-24 14:02:00+00:00,2026-03-24,-1,SHORT,450,80,15,-1,-90,38851,reversal_core_spread_23
ict_reversal_core,2026-03-25 18:18:00+00:00,2026-03-25 18:19:00+00:00,2026-03-25,1,LONG,450,80,15,-1,-90,40486,reversal_core_spread_23
ict_reversal_core,2026-03-26 14:01:00+00:00,2026-03-26 14:02:00+00:00,2026-03-26,-1,SHORT,450,80,15,-1,-90,41607,reversal_core_spread_23
ict_reversal_core,2026-03-30 16:07:00+00:00,2026-03-30 16:08:00+00:00,2026-03-30,1,LONG,450,80,15,-1,-90,44488,reversal_core_spread_23
ict_reversal_core,2026-03-30 16:23:00+00:00,2026-03-30 16:24:00+00:00,2026-03-30,1,LONG,450,80,15,-1,-90,44504,reversal_core_spread_23
ict_reversal_core,2026-03-31 17:03:00+00:00,2026-03-31 17:04:00+00:00,2026-03-31,-1,SHORT,450,80,15,-1,-90,45922,reversal_core_spread_23
ict_reversal_core,2026-04-07 16:30:00+00:00,2026-04-07 16:31:00+00:00,2026-04-07,-1,SHORT,450,80,15,1,440,51398,reversal_core_spread_23
ict_reversal_core,2026-04-22 15:29:00+00:00,2026-04-22 15:33:00+00:00,2026-04-22,-1,SHORT,450,80,15,-1,-90,66493,reversal_core_spread_23
ict_reversal_core,2026-04-22 16:09:00+00:00,2026-04-22 16:10:00+00:00,2026-04-22,1,LONG,450,80,15,-1,-90,66533,reversal_core_spread_23
ict_reversal_core,2026-04-22 16:30:00+00:00,2026-04-22 16:31:00+00:00,2026-04-22,-1,SHORT,450,80,15,-1,-90,66554,reversal_core_spread_23
ict_reversal_core,2026-04-24 13:24:00+00:00,2026-04-24 13:29:00+00:00,2026-04-24,1,LONG,450,80,15,-1,-90,69124,reversal_core_spread_23
ict_reversal_core,2026-04-24 14:08:00+00:00,2026-04-24 14:09:00+00:00,2026-04-24,-1,SHORT,450,80,15,-1,-90,69168,reversal_core_spread_23
ict_reversal_core,2026-04-28 13:00:00+00:00,2026-04-28 13:03:00+00:00,2026-04-28,1,LONG,450,80,15,-1,-90,71855,reversal_core_spread_23
ict_reversal_core,2026-05-01 14:02:00+00:00,2026-05-01 14:05:00+00:00,2026-05-01,1,LONG,450,80,15,-1,-90,76051,reversal_core_spread_23
ict_reversal_core,2026-05-01 16:17:00+00:00,2026-05-01 16:18:00+00:00,2026-05-01,1,LONG,450,80,15,-1,-90,76186,reversal_core_spread_23
ict_reversal_core,2026-05-05 15:30:00+00:00,2026-05-05 15:34:00+00:00,2026-05-05,-1,SHORT,450,80,15,-1,-90,78894,reversal_core_spread_23
ict_reversal_core,2026-05-06 14:31:00+00:00,2026-05-06 14:34:00+00:00,2026-05-06,1,LONG,450,80,15,1,440,80213,reversal_core_spread_23
ict_reversal_core,2026-05-07 15:50:00+00:00,2026-05-07 15:51:00+00:00,2026-05-07,-1,SHORT,450,80,15,-1,-90,81670,reversal_core_spread_23
ict_reversal_core,2026-05-07 16:46:00+00:00,2026-05-07 16:47:00+00:00,2026-05-07,1,LONG,450,80,15,-1,-90,81726,reversal_core_spread_23
ict_reversal_core,2026-05-08 15:44:00+00:00,2026-05-08 15:45:00+00:00,2026-05-08,-1,SHORT,450,80,15,-1,-90,83042,reversal_core_spread_23
ict_reversal_core,2026-05-14 13:10:00+00:00,2026-05-14 13:11:00+00:00,2026-05-14,1,LONG,450,80,15,1,440,88399,reversal_core_spread_23
ict_reversal_core,2026-05-14 14:49:00+00:00,2026-05-14 14:50:00+00:00,2026-05-14,-1,SHORT,450,80,15,-1,-90,88498,reversal_core_spread_23
ict_reversal_core,2026-05-15 13:44:00+00:00,2026-05-15 13:45:00+00:00,2026-05-15,1,LONG,450,80,15,-1,-90,89811,reversal_core_spread_23
ict_reversal_core,2026-05-15 15:15:00+00:00,2026-05-15 15:16:00+00:00,2026-05-15,1,LONG,450,80,15,-1,-90,89902,reversal_core_spread_23
ict_reversal_core,2026-05-18 16:43:00+00:00,2026-05-18 16:44:00+00:00,2026-05-18,1,LONG,450,80,15,-1,-90,91367,reversal_core_spread_23
ict_reversal_core,2026-05-19 13:38:00+00:00,2026-05-19 13:39:00+00:00,2026-05-19,-1,SHORT,450,80,15,-1,-90,92560,reversal_core_spread_23
ict_reversal_core,2026-05-19 15:01:00+00:00,2026-05-19 15:05:00+00:00,2026-05-19,1,LONG,450,80,15,1,440,92643,reversal_core_spread_23
ict_reversal_core,2026-05-20 16:00:00+00:00,2026-05-20 16:01:00+00:00,2026-05-20,1,LONG,450,80,15,-1,-90,94080,reversal_core_spread_23
ict_reversal_core,2026-05-20 17:17:00+00:00,2026-05-20 17:18:00+00:00,2026-05-20,-1,SHORT,450,80,15,-1,-90,94157,reversal_core_spread_23
ict_reversal_core,2026-05-21 13:27:00+00:00,2026-05-21 13:28:00+00:00,2026-05-21,1,LONG,450,80,15,-1,-90,95305,reversal_core_spread_23
ict_reversal_core,2026-05-22 16:00:00+00:00,2026-05-22 16:01:00+00:00,2026-05-22,-1,SHORT,450,80,15,-1,-90,96836,reversal_core_spread_23
ict_reversal_core,2026-02-12 15:57:00+00:00,2026-02-12 16:00:00+00:00,2026-02-12,-1,SHORT,450,80,15,1,440,555,reversal_core_spread_25
ict_reversal_core,2026-02-16 15:48:00+00:00,2026-02-16 15:51:00+00:00,2026-02-16,1,LONG,450,80,15,1,440,3301,reversal_core_spread_25
ict_reversal_core,2026-02-16 16:17:00+00:00,2026-02-16 16:20:00+00:00,2026-02-16,-1,SHORT,450,80,15,1,440,3330,reversal_core_spread_25
ict_reversal_core,2026-02-17 15:20:00+00:00,2026-02-17 15:21:00+00:00,2026-02-17,1,LONG,450,80,15,-1,-90,4503,reversal_core_spread_25
ict_reversal_core,2026-02-17 18:31:00+00:00,2026-02-17 18:32:00+00:00,2026-02-17,1,LONG,450,80,15,-1,-90,4694,reversal_core_spread_25
ict_reversal_core,2026-02-18 14:13:00+00:00,2026-02-18 14:14:00+00:00,2026-02-18,-1,SHORT,450,80,15,-1,-90,5814,reversal_core_spread_25
ict_reversal_core,2026-02-19 14:32:00+00:00,2026-02-19 14:36:00+00:00,2026-02-19,-1,SHORT,450,80,15,1,440,7211,reversal_core_spread_25
ict_reversal_core,2026-02-19 18:58:00+00:00,2026-02-19 18:59:00+00:00,2026-02-19,1,LONG,450,80,15,-1,-90,7477,reversal_core_spread_25
ict_reversal_core,2026-02-20 16:30:00+00:00,2026-02-20 16:31:00+00:00,2026-02-20,1,LONG,450,80,15,-1,-90,8707,reversal_core_spread_25
ict_reversal_core,2026-02-23 14:29:00+00:00,2026-02-23 14:38:00+00:00,2026-02-23,1,LONG,450,80,15,1,440,9963,reversal_core_spread_25
ict_reversal_core,2026-02-24 16:31:00+00:00,2026-02-24 16:32:00+00:00,2026-02-24,-1,SHORT,450,80,15,-1,-90,11463,reversal_core_spread_25
ict_reversal_core,2026-02-26 16:01:00+00:00,2026-02-26 16:02:00+00:00,2026-02-26,1,LONG,450,80,15,-1,-90,14189,reversal_core_spread_25
ict_reversal_core,2026-02-26 16:31:00+00:00,2026-02-26 16:32:00+00:00,2026-02-26,1,LONG,450,80,15,-1,-90,14219,reversal_core_spread_25
ict_reversal_core,2026-03-02 17:47:00+00:00,2026-03-02 17:48:00+00:00,2026-03-02,1,LONG,450,80,15,-1,-90,17050,reversal_core_spread_25
ict_reversal_core,2026-03-03 16:25:00+00:00,2026-03-03 16:26:00+00:00,2026-03-03,1,LONG,450,80,15,-1,-90,18328,reversal_core_spread_25
ict_reversal_core,2026-03-04 14:04:00+00:00,2026-03-04 14:11:00+00:00,2026-03-04,-1,SHORT,450,80,15,1,440,19565,reversal_core_spread_25
ict_reversal_core,2026-03-04 15:01:00+00:00,2026-03-04 15:02:00+00:00,2026-03-04,-1,SHORT,450,80,15,-1,-90,19622,reversal_core_spread_25
ict_reversal_core,2026-03-04 15:53:00+00:00,2026-03-04 15:54:00+00:00,2026-03-04,1,LONG,450,80,15,-1,-90,19674,reversal_core_spread_25
ict_reversal_core,2026-03-06 14:34:00+00:00,2026-03-06 14:35:00+00:00,2026-03-06,1,LONG,450,80,15,-1,-90,22351,reversal_core_spread_25
ict_reversal_core,2026-03-06 15:31:00+00:00,2026-03-06 15:32:00+00:00,2026-03-06,-1,SHORT,450,80,15,-1,-90,22408,reversal_core_spread_25
ict_reversal_core,2026-03-06 17:03:00+00:00,2026-03-06 17:04:00+00:00,2026-03-06,-1,SHORT,450,80,15,-1,-90,22500,reversal_core_spread_25
ict_reversal_core,2026-03-11 16:52:00+00:00,2026-03-11 16:54:00+00:00,2026-03-11,1,LONG,450,80,15,1,440,26622,reversal_core_spread_25
ict_reversal_core,2026-03-12 14:45:00+00:00,2026-03-12 14:46:00+00:00,2026-03-12,-1,SHORT,450,80,15,-1,-90,27873,reversal_core_spread_25
ict_reversal_core,2026-03-18 14:30:00+00:00,2026-03-18 14:32:00+00:00,2026-03-18,1,LONG,450,80,15,1,440,33369,reversal_core_spread_25
ict_reversal_core,2026-03-18 18:01:00+00:00,2026-03-18 18:02:00+00:00,2026-03-18,-1,SHORT,450,80,15,-1,-90,33580,reversal_core_spread_25
ict_reversal_core,2026-03-20 17:19:00+00:00,2026-03-20 17:20:00+00:00,2026-03-20,1,LONG,450,80,15,-1,-90,36294,reversal_core_spread_25
ict_reversal_core,2026-03-24 14:01:00+00:00,2026-03-24 14:02:00+00:00,2026-03-24,-1,SHORT,450,80,15,-1,-90,38851,reversal_core_spread_25
ict_reversal_core,2026-03-25 18:18:00+00:00,2026-03-25 18:19:00+00:00,2026-03-25,1,LONG,450,80,15,-1,-90,40486,reversal_core_spread_25
ict_reversal_core,2026-03-26 14:01:00+00:00,2026-03-26 14:02:00+00:00,2026-03-26,-1,SHORT,450,80,15,-1,-90,41607,reversal_core_spread_25
ict_reversal_core,2026-03-30 16:07:00+00:00,2026-03-30 16:08:00+00:00,2026-03-30,1,LONG,450,80,15,-1,-90,44488,reversal_core_spread_25
ict_reversal_core,2026-03-30 16:23:00+00:00,2026-03-30 16:24:00+00:00,2026-03-30,1,LONG,450,80,15,-1,-90,44504,reversal_core_spread_25
ict_reversal_core,2026-03-31 17:03:00+00:00,2026-03-31 17:04:00+00:00,2026-03-31,-1,SHORT,450,80,15,-1,-90,45922,reversal_core_spread_25
ict_reversal_core,2026-04-07 16:30:00+00:00,2026-04-07 16:31:00+00:00,2026-04-07,-1,SHORT,450,80,15,1,440,51398,reversal_core_spread_25
ict_reversal_core,2026-04-14 14:57:00+00:00,2026-04-14 14:58:00+00:00,2026-04-14,1,LONG,450,80,15,1,440,58194,reversal_core_spread_25
ict_reversal_core,2026-04-16 13:01:00+00:00,2026-04-16 13:02:00+00:00,2026-04-16,-1,SHORT,450,80,15,-1,-90,60834,reversal_core_spread_25
ict_reversal_core,2026-04-17 13:12:00+00:00,2026-04-17 13:13:00+00:00,2026-04-17,1,LONG,450,80,15,-1,-90,62223,reversal_core_spread_25
ict_reversal_core,2026-04-17 15:26:00+00:00,2026-04-17 15:27:00+00:00,2026-04-17,-1,SHORT,450,80,15,-1,-90,62357,reversal_core_spread_25
ict_reversal_core,2026-04-22 15:29:00+00:00,2026-04-22 15:33:00+00:00,2026-04-22,-1,SHORT,450,80,15,-1,-90,66493,reversal_core_spread_25
ict_reversal_core,2026-04-22 16:09:00+00:00,2026-04-22 16:10:00+00:00,2026-04-22,1,LONG,450,80,15,-1,-90,66533,reversal_core_spread_25
ict_reversal_core,2026-04-22 16:30:00+00:00,2026-04-22 16:31:00+00:00,2026-04-22,-1,SHORT,450,80,15,-1,-90,66554,reversal_core_spread_25
ict_reversal_core,2026-04-24 13:24:00+00:00,2026-04-24 13:29:00+00:00,2026-04-24,1,LONG,450,80,15,-1,-90,69124,reversal_core_spread_25
ict_reversal_core,2026-04-24 14:08:00+00:00,2026-04-24 14:09:00+00:00,2026-04-24,-1,SHORT,450,80,15,-1,-90,69168,reversal_core_spread_25
ict_reversal_core,2026-04-28 13:00:00+00:00,2026-04-28 13:03:00+00:00,2026-04-28,1,LONG,450,80,15,-1,-90,71855,reversal_core_spread_25
ict_reversal_core,2026-05-01 14:02:00+00:00,2026-05-01 14:05:00+00:00,2026-05-01,1,LONG,450,80,15,-1,-90,76051,reversal_core_spread_25
ict_reversal_core,2026-05-01 16:17:00+00:00,2026-05-01 16:18:00+00:00,2026-05-01,1,LONG,450,80,15,-1,-90,76186,reversal_core_spread_25
ict_reversal_core,2026-05-05 15:30:00+00:00,2026-05-05 15:34:00+00:00,2026-05-05,-1,SHORT,450,80,15,-1,-90,78894,reversal_core_spread_25
ict_reversal_core,2026-05-06 14:31:00+00:00,2026-05-06 14:34:00+00:00,2026-05-06,1,LONG,450,80,15,1,440,80213,reversal_core_spread_25
ict_reversal_core,2026-05-07 15:50:00+00:00,2026-05-07 15:51:00+00:00,2026-05-07,-1,SHORT,450,80,15,-1,-90,81670,reversal_core_spread_25
ict_reversal_core,2026-05-07 16:46:00+00:00,2026-05-07 16:47:00+00:00,2026-05-07,1,LONG,450,80,15,-1,-90,81726,reversal_core_spread_25
ict_reversal_core,2026-05-08 15:44:00+00:00,2026-05-08 15:45:00+00:00,2026-05-08,-1,SHORT,450,80,15,-1,-90,83042,reversal_core_spread_25
ict_reversal_core,2026-05-14 13:10:00+00:00,2026-05-14 13:11:00+00:00,2026-05-14,1,LONG,450,80,15,1,440,88399,reversal_core_spread_25
ict_reversal_core,2026-05-14 14:49:00+00:00,2026-05-14 14:50:00+00:00,2026-05-14,-1,SHORT,450,80,15,-1,-90,88498,reversal_core_spread_25
ict_reversal_core,2026-05-15 13:44:00+00:00,2026-05-15 13:45:00+00:00,2026-05-15,1,LONG,450,80,15,-1,-90,89811,reversal_core_spread_25
ict_reversal_core,2026-05-15 15:15:00+00:00,2026-05-15 15:16:00+00:00,2026-05-15,1,LONG,450,80,15,-1,-90,89902,reversal_core_spread_25
ict_reversal_core,2026-05-18 16:43:00+00:00,2026-05-18 16:44:00+00:00,2026-05-18,1,LONG,450,80,15,-1,-90,91367,reversal_core_spread_25
ict_reversal_core,2026-05-19 13:38:00+00:00,2026-05-19 13:39:00+00:00,2026-05-19,-1,SHORT,450,80,15,-1,-90,92560,reversal_core_spread_25
ict_reversal_core,2026-05-19 15:01:00+00:00,2026-05-19 15:05:00+00:00,2026-05-19,1,LONG,450,80,15,1,440,92643,reversal_core_spread_25
ict_reversal_core,2026-05-20 16:00:00+00:00,2026-05-20 16:01:00+00:00,2026-05-20,1,LONG,450,80,15,-1,-90,94080,reversal_core_spread_25
ict_reversal_core,2026-05-20 17:17:00+00:00,2026-05-20 17:18:00+00:00,2026-05-20,-1,SHORT,450,80,15,-1,-90,94157,reversal_core_spread_25
ict_reversal_core,2026-05-21 13:27:00+00:00,2026-05-21 13:28:00+00:00,2026-05-21,1,LONG,450,80,15,-1,-90,95305,reversal_core_spread_25
ict_reversal_core,2026-05-22 16:00:00+00:00,2026-05-22 16:01:00+00:00,2026-05-22,-1,SHORT,450,80,15,-1,-90,96836,reversal_core_spread_25
ict_reversal_quality,2026-02-12 15:57:00+00:00,2026-02-12 16:00:00+00:00,2026-02-12,-1,SHORT,450,80,15,1,440,555,reversal_quality_spread_20
ict_reversal_quality,2026-02-16 15:48:00+00:00,2026-02-16 15:51:00+00:00,2026-02-16,1,LONG,450,80,15,1,440,3301,reversal_quality_spread_20
ict_reversal_quality,2026-02-16 16:17:00+00:00,2026-02-16 16:20:00+00:00,2026-02-16,-1,SHORT,450,80,15,1,440,3330,reversal_quality_spread_20
ict_reversal_quality,2026-02-19 14:32:00+00:00,2026-02-19 14:36:00+00:00,2026-02-19,-1,SHORT,450,80,15,1,440,7211,reversal_quality_spread_20
ict_reversal_quality,2026-02-20 16:30:00+00:00,2026-02-20 16:31:00+00:00,2026-02-20,1,LONG,450,80,15,-1,-90,8707,reversal_quality_spread_20
ict_reversal_quality,2026-02-23 14:29:00+00:00,2026-02-23 14:38:00+00:00,2026-02-23,1,LONG,450,80,15,1,440,9963,reversal_quality_spread_20
ict_reversal_quality,2026-02-12 15:57:00+00:00,2026-02-12 16:00:00+00:00,2026-02-12,-1,SHORT,450,80,15,1,440,555,reversal_quality_spread_22
ict_reversal_quality,2026-02-16 15:48:00+00:00,2026-02-16 15:51:00+00:00,2026-02-16,1,LONG,450,80,15,1,440,3301,reversal_quality_spread_22
ict_reversal_quality,2026-02-16 16:17:00+00:00,2026-02-16 16:20:00+00:00,2026-02-16,-1,SHORT,450,80,15,1,440,3330,reversal_quality_spread_22
ict_reversal_quality,2026-02-19 14:32:00+00:00,2026-02-19 14:36:00+00:00,2026-02-19,-1,SHORT,450,80,15,1,440,7211,reversal_quality_spread_22
ict_reversal_quality,2026-02-20 16:30:00+00:00,2026-02-20 16:31:00+00:00,2026-02-20,1,LONG,450,80,15,-1,-90,8707,reversal_quality_spread_22
ict_reversal_quality,2026-02-23 14:29:00+00:00,2026-02-23 14:38:00+00:00,2026-02-23,1,LONG,450,80,15,1,440,9963,reversal_quality_spread_22
ict_reversal_quality,2026-03-12 14:45:00+00:00,2026-03-12 14:46:00+00:00,2026-03-12,-1,SHORT,450,80,15,-1,-90,27873,reversal_quality_spread_22
ict_reversal_quality,2026-02-12 15:57:00+00:00,2026-02-12 16:00:00+00:00,2026-02-12,-1,SHORT,450,80,15,1,440,555,reversal_quality_spread_23
ict_reversal_quality,2026-02-16 15:48:00+00:00,2026-02-16 15:51:00+00:00,2026-02-16,1,LONG,450,80,15,1,440,3301,reversal_quality_spread_23
ict_reversal_quality,2026-02-16 16:17:00+00:00,2026-02-16 16:20:00+00:00,2026-02-16,-1,SHORT,450,80,15,1,440,3330,reversal_quality_spread_23
ict_reversal_quality,2026-02-19 14:32:00+00:00,2026-02-19 14:36:00+00:00,2026-02-19,-1,SHORT,450,80,15,1,440,7211,reversal_quality_spread_23
ict_reversal_quality,2026-02-20 16:30:00+00:00,2026-02-20 16:31:00+00:00,2026-02-20,1,LONG,450,80,15,-1,-90,8707,reversal_quality_spread_23
ict_reversal_quality,2026-02-23 14:29:00+00:00,2026-02-23 14:38:00+00:00,2026-02-23,1,LONG,450,80,15,1,440,9963,reversal_quality_spread_23
ict_reversal_quality,2026-03-12 14:45:00+00:00,2026-03-12 14:46:00+00:00,2026-03-12,-1,SHORT,450,80,15,-1,-90,27873,reversal_quality_spread_23
ict_reversal_quality,2026-04-24 13:24:00+00:00,2026-04-24 13:29:00+00:00,2026-04-24,1,LONG,450,80,15,-1,-90,69124,reversal_quality_spread_23
ict_reversal_quality,2026-04-28 13:00:00+00:00,2026-04-28 13:03:00+00:00,2026-04-28,1,LONG,450,80,15,-1,-90,71855,reversal_quality_spread_23
ict_reversal_quality,2026-05-01 14:02:00+00:00,2026-05-01 14:05:00+00:00,2026-05-01,1,LONG,450,80,15,-1,-90,76051,reversal_quality_spread_23
ict_reversal_quality,2026-05-07 15:50:00+00:00,2026-05-07 15:51:00+00:00,2026-05-07,-1,SHORT,450,80,15,-1,-90,81670,reversal_quality_spread_23
ict_reversal_quality,2026-05-14 13:10:00+00:00,2026-05-14 13:11:00+00:00,2026-05-14,1,LONG,450,80,15,1,440,88399,reversal_quality_spread_23
ict_reversal_quality,2026-05-14 14:49:00+00:00,2026-05-14 14:50:00+00:00,2026-05-14,-1,SHORT,450,80,15,-1,-90,88498,reversal_quality_spread_23
ict_reversal_quality,2026-05-19 13:38:00+00:00,2026-05-19 13:39:00+00:00,2026-05-19,-1,SHORT,450,80,15,-1,-90,92560,reversal_quality_spread_23
ict_reversal_quality,2026-05-20 16:00:00+00:00,2026-05-20 16:01:00+00:00,2026-05-20,1,LONG,450,80,15,-1,-90,94080,reversal_quality_spread_23
ict_reversal_quality,2026-02-12 15:57:00+00:00,2026-02-12 16:00:00+00:00,2026-02-12,-1,SHORT,450,80,15,1,440,555,reversal_quality_spread_25
ict_reversal_quality,2026-02-16 15:48:00+00:00,2026-02-16 15:51:00+00:00,2026-02-16,1,LONG,450,80,15,1,440,3301,reversal_quality_spread_25
ict_reversal_quality,2026-02-16 16:17:00+00:00,2026-02-16 16:20:00+00:00,2026-02-16,-1,SHORT,450,80,15,1,440,3330,reversal_quality_spread_25
ict_reversal_quality,2026-02-19 14:32:00+00:00,2026-02-19 14:36:00+00:00,2026-02-19,-1,SHORT,450,80,15,1,440,7211,reversal_quality_spread_25
ict_reversal_quality,2026-02-20 16:30:00+00:00,2026-02-20 16:31:00+00:00,2026-02-20,1,LONG,450,80,15,-1,-90,8707,reversal_quality_spread_25
ict_reversal_quality,2026-02-23 14:29:00+00:00,2026-02-23 14:38:00+00:00,2026-02-23,1,LONG,450,80,15,1,440,9963,reversal_quality_spread_25
ict_reversal_quality,2026-03-12 14:45:00+00:00,2026-03-12 14:46:00+00:00,2026-03-12,-1,SHORT,450,80,15,-1,-90,27873,reversal_quality_spread_25
ict_reversal_quality,2026-04-14 14:57:00+00:00,2026-04-14 14:58:00+00:00,2026-04-14,1,LONG,450,80,15,1,440,58194,reversal_quality_spread_25
ict_reversal_quality,2026-04-16 13:01:00+00:00,2026-04-16 13:02:00+00:00,2026-04-16,-1,SHORT,450,80,15,-1,-90,60834,reversal_quality_spread_25
ict_reversal_quality,2026-04-17 13:12:00+00:00,2026-04-17 13:13:00+00:00,2026-04-17,1,LONG,450,80,15,-1,-90,62223,reversal_quality_spread_25
ict_reversal_quality,2026-04-24 13:24:00+00:00,2026-04-24 13:29:00+00:00,2026-04-24,1,LONG,450,80,15,-1,-90,69124,reversal_quality_spread_25
ict_reversal_quality,2026-04-28 13:00:00+00:00,2026-04-28 13:03:00+00:00,2026-04-28,1,LONG,450,80,15,-1,-90,71855,reversal_quality_spread_25
ict_reversal_quality,2026-05-01 14:02:00+00:00,2026-05-01 14:05:00+00:00,2026-05-01,1,LONG,450,80,15,-1,-90,76051,reversal_quality_spread_25
ict_reversal_quality,2026-05-07 15:50:00+00:00,2026-05-07 15:51:00+00:00,2026-05-07,-1,SHORT,450,80,15,-1,-90,81670,reversal_quality_spread_25
ict_reversal_quality,2026-05-14 13:10:00+00:00,2026-05-14 13:11:00+00:00,2026-05-14,1,LONG,450,80,15,1,440,88399,reversal_quality_spread_25
ict_reversal_quality,2026-05-14 14:49:00+00:00,2026-05-14 14:50:00+00:00,2026-05-14,-1,SHORT,450,80,15,-1,-90,88498,reversal_quality_spread_25
ict_reversal_quality,2026-05-19 13:38:00+00:00,2026-05-19 13:39:00+00:00,2026-05-19,-1,SHORT,450,80,15,-1,-90,92560,reversal_quality_spread_25
ict_reversal_quality,2026-05-20 16:00:00+00:00,2026-05-20 16:01:00+00:00,2026-05-20,1,LONG,450,80,15,-1,-90,94080,reversal_quality_spread_25
